{"type":"FeatureCollection","name":"Kecamatan Kebomas","crs":{"type":"name","properties":{"name":"urn:ogc:def:crs:OGC:1.3:CRS84"}},"features":[{"type":"Feature","properties":{"fid":10233,"ori_name":"Dahanrejo","kode_kec":"35.25.14","kode_kd":"35.25.14.2001","kode_kk":"35.25","kode_prov":"35","tipe_kd":1,"kecamatan":"Kebomas","kel_desa":"Dahanrejo","kab_kota":"Gresik","provinsi":"Jawa Timur","jenis_kd":"Desa","nama":"Desa Dahanrejo","label":"Desa Dahanrejo, Kecamatan Kebomas, Kabupaten Gresik, Provinsi Jawa Timur, 35.25.14.2001"},"geometry":{"type":"MultiPolygon","coordinates":[[[[112.590790461,-7.15477046099994,0],[112.59082,-7.15479999999997,0],[112.5908,-7.15487999999993,0],[112.59114,-7.15508999999997,0],[112.59278,-7.15600000099994,0],[112.59347,-7.15618999999998,0],[112.59405,-7.15629999999993,0],[112.5944,-7.15635999999995,0],[112.59548,-7.15653999999995,0],[112.59603,-7.15663999999992,0],[112.596716119,-7.15678195699996,0],[112.596721922,-7.15682191899998,0],[112.596812875,-7.15682937799994,0],[112.596886851,-7.15693534899998,0],[112.596939222,-7.15696798499994,0],[112.597010746,-7.15694847999993,0],[112.597051424,-7.15696759599996,0],[112.597109671,-7.15701576099997,0],[112.597115508,-7.15701953899998,0],[112.597146435,-7.15700397099994,0],[112.597210323,-7.15702119799994,0],[112.597256944,-7.15705385399997,0],[112.597411942,-7.15710159399993,0],[112.597621398,-7.15722454299993,0],[112.598015187,-7.15745877499995,0],[112.59828418,-7.15757111899995,0],[112.598613522,-7.15764917099995,0],[112.598569312,-7.15775175499994,0],[112.599019274,-7.15799555399997,0],[112.59914951,-7.15815729199994,0],[112.600047908,-7.15854915299997,0],[112.599985083,-7.15883722499996,0],[112.600235024,-7.15892332699997,0],[112.600895029,-7.15915789499996,0],[112.600844511,-7.15965647999997,0],[112.600824287,-7.15987262299996,0],[112.601023529,-7.15984869399995,0],[112.601199547,-7.15980170299997,0],[112.60116188,-7.16011093299994,0],[112.601528096,-7.16020820099993,0],[112.602041256,-7.16027015199995,0],[112.602011482,-7.16061605799996,0],[112.601980729,-7.16091685599997,0],[112.602997042,-7.16095390799995,0],[112.603174491,-7.16131645199994,0],[112.603675519,-7.16145284599997,0],[112.603704765,-7.16144758999997,0],[112.603686275,-7.16162521199993,0],[112.603633413,-7.16190086399996,0],[112.603538943,-7.16219058299993,0],[112.603555621,-7.16249826699993,0],[112.603577677,-7.16284986999995,0],[112.603588631,-7.16299339599993,0],[112.603580547,-7.16315805499994,0],[112.603573907,-7.16324468599993,0],[112.603483295,-7.16365562599998,0],[112.603485246,-7.16374385599994,0],[112.603506256,-7.16379576699995,0],[112.603532643,-7.16389096199993,0],[112.603550325,-7.16399486699993,0],[112.60355757,-7.16408145099996,0],[112.603560078,-7.16428594099995,0],[112.603539273,-7.16429288399996,0],[112.603483657,-7.16429307799996,0],[112.603327464,-7.16486507899998,0],[112.603279331,-7.16499859599998,0],[112.603153533,-7.16527459199995,0],[112.603074186,-7.16549121199995,0],[112.602941466,-7.16626446499993,0],[112.602902153,-7.16646521299998,0],[112.602894663,-7.16665029999996,0],[112.602955008,-7.16708439999996,0],[112.603018475,-7.16715171299995,0],[112.603026179,-7.16730528499994,0],[112.602761597,-7.16732465099994,0],[112.602752985,-7.16750928999994,0],[112.602717859,-7.16845930899996,0],[112.601435333,-7.16879222499995,0],[112.600102224,-7.16924193899996,0],[112.599338355,-7.16952042699995,0],[112.598835613,-7.16973038199995,0],[112.598409684,-7.16987362099997,0],[112.598334589,-7.16981204399997,0],[112.598285441,-7.16980443999995,0],[112.598241526,-7.16979943999996,0],[112.598006024,-7.16970225799997,0],[112.597915516,-7.16969488799998,0],[112.597744772,-7.16962840199994,0],[112.597687859,-7.16962091499994,0],[112.597642116,-7.16962685899995,0],[112.597624388,-7.16963831199996,0],[112.597605334,-7.16965492299994,0],[112.597516469,-7.16964754699995,0],[112.597446548,-7.16963513299993,0],[112.5973778,-7.16959486999997,0],[112.597338635,-7.16958171699997,0],[112.597313226,-7.16957411999994,0],[112.597282785,-7.16957937899997,0],[112.597245989,-7.16958203999997,0],[112.597204007,-7.16957450099994,0],[112.597184935,-7.16956444099998,0],[112.597113691,-7.16953684299995,0],[112.596957189,-7.16944363599993,0],[112.596889275,-7.16964276599998,0],[112.596827229,-7.16981258399994,0],[112.596801805,-7.16982162299996,0],[112.596753538,-7.16981030799997,0],[112.596716663,-7.16979018499995,0],[112.596674654,-7.16977514299998,0],[112.596641666,-7.16977778999996,0],[112.596615072,-7.16979433499995,0],[112.596582128,-7.16983124499995,0],[112.596512532,-7.16989097399994,0],[112.596293637,-7.16986741599993,0],[112.595256693,-7.17002235799993,0],[112.593236478,-7.17031062099994,0],[112.591629265,-7.17055929399993,0],[112.58985899,-7.17082642699995,0],[112.588024047,-7.17111158699993,0],[112.587503627,-7.17119900099993,0],[112.587394811,-7.17107895499993,0],[112.586620387,-7.17025377699997,0],[112.586003032,-7.16959810699996,0],[112.585776693,-7.16936545899995,0],[112.585718072,-7.16933170399994,0],[112.58576,-7.16924999999998,0],[112.585417804,-7.16915222999995,0],[112.585414167,-7.16915000399996,0],[112.585321375,-7.16908649699997,0],[112.585210218,-7.16904493099997,0],[112.585178876,-7.16900535099995,0],[112.585118082,-7.16895520399993,0],[112.584917464,-7.16884162199995,0],[112.584780877,-7.16876488499997,0],[112.584649529,-7.16873505199993,0],[112.584339405,-7.16860349499996,0],[112.583965874,-7.16840046299995,0],[112.583856245,-7.16834713799994,0],[112.583802193,-7.16828177999997,0],[112.583642126,-7.16821515899994,0],[112.583375812,-7.16810189199998,0],[112.582947854,-7.16783259799996,0],[112.582227468,-7.16730267199995,0],[112.581982777,-7.16759236399997,0],[112.581951056,-7.16765017599994,0],[112.58195,-7.16764999999998,0],[112.581814615,-7.16783897499994,0],[112.58147,-7.16831999999994,0],[112.581460148,-7.16832123199993,0],[112.58139,-7.16832999999997,0],[112.58128,-7.16826999999995,0],[112.581239271,-7.16825070899995,0],[112.58109,-7.16817999999995,0],[112.58104,-7.16824999999994,0],[112.58073,-7.16871999999995,0],[112.580714221,-7.16871725599998,0],[112.58051223,-7.16868212799994,0],[112.580471047,-7.16866554299997,0],[112.58034995,-7.16885861699996,0],[112.580047096,-7.16936358699996,0],[112.58001183,-7.16937717999997,0],[112.579969737,-7.16938066799997,0],[112.579941219,-7.16940255599997,0],[112.579930243,-7.16943683099993,0],[112.579854501,-7.16946596099996,0],[112.57974,-7.16950999999995,0],[112.579720118,-7.16948017699997,0],[112.579693406,-7.16944010999993,0],[112.57962,-7.16932999999995,0],[112.57955,-7.16920999999996,0],[112.579462505,-7.16909125699993,0],[112.57941,-7.16901999999993,0],[112.579299999,-7.16893999999996,0],[112.57916,-7.16878999999994,0],[112.579151045,-7.16876237399993,0],[112.579173635,-7.16875986699995,0],[112.579195496,-7.16875644799995,0],[112.579255372,-7.16873517599993,0],[112.579379694,-7.16867598499994,0],[112.579555852,-7.16851581199995,0],[112.579632927,-7.16841645999995,0],[112.5796681,-7.16837601699996,0],[112.579684776,-7.16834070099998,0],[112.579676339,-7.16831894199993,0],[112.579664503,-7.16830713899998,0],[112.579650921,-7.16828711699998,0],[112.579640675,-7.16823842199994,0],[112.57963894,-7.16821157699997,0],[112.579628689,-7.16818304399993,0],[112.579605097,-7.16816124699994,0],[112.579589908,-7.16815126299997,0],[112.579571393,-7.16815132599993,0],[112.579557985,-7.16815977999994,0],[112.579547872,-7.16817156799993,0],[112.579542968,-7.16820006299997,0],[112.579539696,-7.16822529799992,0],[112.579539783,-7.16825052099995,0],[112.579541518,-7.16827736599993,0],[112.579541622,-7.16830756199994,0],[112.579536695,-7.16832945799996,0],[112.579528311,-7.16834458399995,0],[112.579519881,-7.16834633199994,0],[112.579506437,-7.16834465899996,0],[112.579467697,-7.16832463199995,0],[112.579444048,-7.16830789699998,0],[112.579427176,-7.16828616699996,0],[112.57942171,-7.16825978699995,0],[112.579445092,-7.16819922399998,0],[112.579488498,-7.16809998899993,0],[112.579503497,-7.16805455299993,0],[112.579520091,-7.16799573099996,0],[112.579516605,-7.16795876699996,0],[112.57951653,-7.16793697899993,0],[112.579459009,-7.16783971799993,0],[112.579332114,-7.16765038999995,0],[112.579258918,-7.16757569399994,0],[112.57915436,-7.16749875599993,0],[112.57903963,-7.16741687899997,0],[112.579012548,-7.16737836799996,0],[112.579010784,-7.16734311499994,0],[112.579010715,-7.16732295399993,0],[112.579069322,-7.16723704799995,0],[112.579104507,-7.16720003999995,0],[112.579131359,-7.16717137899997,0],[112.579151365,-7.16712764399995,0],[112.57915458,-7.16708559499995,0],[112.579164582,-7.16704189299998,0],[112.579181298,-7.16701832899997,0],[112.579221421,-7.16694098399995,0],[112.579374533,-7.16646247599994,0],[112.579438288,-7.16626715799993,0],[112.579536714,-7.16605942699994,0],[112.579580176,-7.16595467599996,0],[112.579689589,-7.16566373199993,0],[112.579654816,-7.16553827599995,0],[112.579625633,-7.16536714599994,0],[112.579598464,-7.16521698199995,0],[112.579592192,-7.16506484799993,0],[112.579593786,-7.16496394799998,0],[112.579603057,-7.16490307299995,0],[112.579603024,-7.16489358099994,0],[112.5793941,-7.16481690899997,0],[112.579123577,-7.16484631799995,0],[112.578794262,-7.16443085199995,0],[112.578711873,-7.16430935599993,0],[112.578504532,-7.16399852499995,0],[112.578443173,-7.16389223599998,0],[112.578423652,-7.16375153999996,0],[112.578415596,-7.16364497599994,0],[112.57840405,-7.16360885299997,0],[112.578367594,-7.16353674299995,0],[112.578292839,-7.16342091699994,0],[112.578117788,-7.16316457999994,0],[112.578038354,-7.16303394399995,0],[112.577916609,-7.16282181399993,0],[112.577840659,-7.16264053699996,0],[112.577806902,-7.16257149199993,0],[112.577713625,-7.16245310799997,0],[112.577680758,-7.16242636799996,0],[112.577644241,-7.16242278699997,0],[112.577614475,-7.16242885599996,0],[112.577532527,-7.16245743399998,0],[112.577517592,-7.16243443199994,0],[112.577491356,-7.16240324099994,0],[112.577474912,-7.16237581299993,0],[112.57746206,-7.16232893599994,0],[112.57745069,-7.16227916199995,0],[112.577441163,-7.16226705699995,0],[112.577422872,-7.16224381699993,0],[112.577705371,-7.16205010099998,0],[112.578193964,-7.16158834199996,0],[112.578508126,-7.16128891999995,0],[112.57894433,-7.16061578899996,0],[112.579087553,-7.16038756299997,0],[112.579354998,-7.15994184199997,0],[112.57944434,-7.15982762099998,0],[112.579493097,-7.15978677099997,0],[112.579569057,-7.15975396399995,0],[112.579634276,-7.15974560299998,0],[112.579704944,-7.15975892199998,0],[112.579707697,-7.15977789799996,0],[112.579727042,-7.15986733499994,0],[112.579776192,-7.15994039499998,0],[112.579835876,-7.15999363799995,0],[112.579885223,-7.16003766099993,0],[112.580059567,-7.16015368799998,0],[112.580329252,-7.16033719199993,0],[112.580891623,-7.16072762599993,0],[112.580968486,-7.16078377599996,0],[112.581077628,-7.16082634499998,0],[112.581208233,-7.16085807999997,0],[112.581375338,-7.16093136799998,0],[112.581485731,-7.16094717099998,0],[112.581926686,-7.16096066399996,0],[112.58211513,-7.16096543899994,0],[112.582366785,-7.16098599999998,0],[112.582560673,-7.16103234499997,0],[112.582808682,-7.16114296399996,0],[112.582996018,-7.16123769899997,0],[112.583141206,-7.16125518999996,0],[112.583265079,-7.16128297099993,0],[112.583446983,-7.16136154099996,0],[112.583557404,-7.16138538999996,0],[112.583632753,-7.16139182099994,0],[112.583815728,-7.16139119199994,0],[112.583953005,-7.16138800599998,0],[112.584076763,-7.16138224599996,0],[112.584372454,-7.16135627499995,0],[112.584471935,-7.16132510399996,0],[112.584528427,-7.16129692899995,0],[112.584599523,-7.16126146999994,0],[112.584748357,-7.16112399099995,0],[112.584848949,-7.16102564299996,0],[112.584954908,-7.16092456499996,0],[112.585058386,-7.16088388799994,0],[112.585108941,-7.16088053099998,0],[112.5851431,-7.16087826199993,0],[112.585397135,-7.16089619099995,0],[112.585483308,-7.16090258499997,0],[112.585597663,-7.16089812099995,0],[112.585806174,-7.16089875899996,0],[112.58591248,-7.16089839199998,0],[112.585965026,-7.16091701599993,0],[112.5859918,-7.16087773499993,0],[112.585999863,-7.16086590699996,0],[112.586037343,-7.16082409999996,0],[112.586072166,-7.16076892199993,0],[112.586084019,-7.16069935799993,0],[112.586074478,-7.16066042599994,0],[112.586055508,-7.16061483699997,0],[112.585993291,-7.16051967099997,0],[112.586003929,-7.16007682299994,0],[112.586007177,-7.15984988899993,0],[112.586009679,-7.15979617899995,0],[112.58602287,-7.15972489399996,0],[112.586025182,-7.15961612599995,0],[112.586043485,-7.15944718299994,0],[112.586051344,-7.15938802899996,0],[112.586124508,-7.15912993699993,0],[112.58613505,-7.15906950899995,0],[112.586137575,-7.15902248899994,0],[112.586128048,-7.15898762399996,0],[112.586118577,-7.15896885199993,0],[112.586098234,-7.15893664799995,0],[112.586076614,-7.15890182499993,0],[112.586045447,-7.15884823099998,0],[112.586029192,-7.15881067699996,0],[112.586026091,-7.15875572099998,0],[112.586016544,-7.15832604999997,0],[112.586096678,-7.15816195699995,0],[112.586148869,-7.15814328499994,0],[112.586157147,-7.15814032199995,0],[112.586310184,-7.15794505799994,0],[112.58636049,-7.15773825399998,0],[112.586465423,-7.15730688499997,0],[112.586506547,-7.15713080999996,0],[112.586522444,-7.15706493999994,0],[112.586425512,-7.15703444499997,0],[112.586451762,-7.15685308899998,0],[112.586550692,-7.15655458599997,0],[112.586609321,-7.15638930099993,0],[112.586645329,-7.15628846399994,0],[112.586722764,-7.15612166799997,0],[112.586808574,-7.15589327599997,0],[112.586893934,-7.15568622099994,0],[112.586933954,-7.15557994599993,0],[112.586955115,-7.15548187199994,0],[112.586976493,-7.15533859399994,0],[112.587216559,-7.15472815299995,0],[112.587255588,-7.15472394999995,0],[112.587294659,-7.15473186199995,0],[112.587315356,-7.15473772799993,0],[112.587481848,-7.15478491799996,0],[112.587588133,-7.15477921899998,0],[112.587633882,-7.15477499299993,0],[112.587673258,-7.15489301799994,0],[112.587725269,-7.15490802799997,0],[112.588008194,-7.15501318799994,0],[112.588444594,-7.15515805299998,0],[112.588727333,-7.15520942199993,0],[112.588849566,-7.15523838199994,0],[112.589459733,-7.15541889699995,0],[112.589533379,-7.15532190799996,0],[112.589544115,-7.15529637599997,0],[112.589541344,-7.15527224799996,0],[112.58954377,-7.15519702099994,0],[112.589550346,-7.15515531999995,0],[112.589562323,-7.15512173799993,0],[112.589591667,-7.15505853399998,0],[112.58965212,-7.15494594899997,0],[112.589682854,-7.15487469299995,0],[112.589704066,-7.15479135499993,0],[112.589709319,-7.15475644099996,0],[112.58969837,-7.15469870899994,0],[112.589820037,-7.15447805699995,0],[112.589822643,-7.15443111399998,0],[112.589825378,-7.15438184599998,0],[112.58989031,-7.15409693099997,0],[112.589921328,-7.15410758199994,0],[112.590208208,-7.15419112199993,0],[112.590319953,-7.15423087799996,0],[112.590499778,-7.15424860899998,0],[112.590521855,-7.15430738699996,0],[112.590567873,-7.15435957299997,0],[112.590602967,-7.15438340999998,0],[112.590598676,-7.15441615199995,0],[112.590568349,-7.15449699099997,0],[112.590544665,-7.15459950299993,0],[112.590549236,-7.15464749199998,0],[112.590571691,-7.15468601799995,0],[112.590790461,-7.15477046099994,0]]]]}},{"type":"Feature","properties":{"fid":10637,"ori_name":"Gending","kode_kec":"35.25.14","kode_kd":"35.25.14.1014","kode_kk":"35.25","kode_prov":"35","tipe_kd":2,"kecamatan":"Kebomas","kel_desa":"Gending","kab_kota":"Gresik","provinsi":"Jawa Timur","jenis_kd":"Kelurahan","nama":"Kelurahan Gending","label":"Kelurahan Gending, Kecamatan Kebomas, Kabupaten Gresik, Provinsi Jawa Timur, 35.25.14.1014"},"geometry":{"type":"MultiPolygon","coordinates":[[[[112.650050664,-7.17953056199997,0],[112.650026294,-7.17960432999996,0],[112.650143497,-7.17966529199998,0],[112.650773806,-7.17995439699996,0],[112.650798277,-7.17997049299993,0],[112.650803701,-7.17998394199998,0],[112.650799766,-7.18001098599996,0],[112.650770218,-7.18007726899998,0],[112.650556411,-7.18059605299993,0],[112.65055819,-7.18061313299995,0],[112.650578806,-7.18063692399994,0],[112.651052607,-7.18095868699993,0],[112.651626576,-7.18104729499993,0],[112.651646107,-7.18106015399997,0],[112.651672282,-7.18111411999996,0],[112.65170623,-7.18117059099995,0],[112.651835044,-7.18122138699994,0],[112.651955736,-7.18127636899993,0],[112.65205614,-7.18133675899998,0],[112.652452409,-7.18144001899998,0],[112.652499008,-7.18154743099996,0],[112.652689411,-7.18163904799997,0],[112.652670341,-7.18177490399995,0],[112.652670392,-7.18178882599994,0],[112.652682273,-7.18181228799995,0],[112.652836734,-7.18189508399996,0],[112.653208486,-7.18209326499993,0],[112.653516243,-7.18220425799996,0],[112.653927008,-7.18249694999997,0],[112.653541398,-7.18292649199998,0],[112.653107164,-7.18312206399997,0],[112.652711512,-7.18362441699998,0],[112.652598085,-7.18376223899998,0],[112.652364536,-7.18429158299995,0],[112.651497136,-7.18407032599993,0],[112.651537387,-7.18392878799995,0],[112.650784819,-7.18366914499995,0],[112.650184069,-7.18364924999997,0],[112.649949283,-7.18348555899996,0],[112.649931502,-7.18348155399997,0],[112.649924664,-7.18348980499997,0],[112.64991687,-7.18360591199996,0],[112.649664075,-7.18372696799997,0],[112.649372934,-7.18375197499995,0],[112.649299089,-7.18391460399994,0],[112.649107189,-7.18398779799998,0],[112.648850975,-7.18400942299996,0],[112.648356305,-7.18380191399996,0],[112.648060543,-7.18374620499998,0],[112.647601605,-7.18365500799996,0],[112.64730969,-7.18408701299995,0],[112.646942058,-7.18436966999997,0],[112.646937183,-7.18450854799994,0],[112.646928815,-7.18458976099993,0],[112.646928958,-7.18462953899996,0],[112.646910164,-7.18469695699997,0],[112.646839683,-7.18484059099995,0],[112.646753656,-7.18499992199997,0],[112.646518263,-7.18504045399993,0],[112.64574864,-7.18518686899995,0],[112.645696043,-7.18517611799996,0],[112.645577594,-7.18512193899994,0],[112.645439517,-7.18511149599993,0],[112.645275137,-7.18513550199998,0],[112.645228134,-7.18514389799998,0],[112.645211396,-7.18511909499995,0],[112.645185005,-7.18508799999995,0],[112.644943969,-7.18509573599994,0],[112.644273756,-7.18512996299995,0],[112.643944391,-7.18500981999995,0],[112.643817764,-7.18496534299993,0],[112.643631739,-7.18494910399994,0],[112.643592359,-7.18496009399996,0],[112.643544187,-7.18497563499994,0],[112.64351579,-7.18498884599995,0],[112.643500506,-7.18501511799997,0],[112.643498275,-7.18503809099997,0],[112.643483001,-7.18504682199995,0],[112.643448003,-7.18505137699998,0],[112.643415175,-7.18503621699995,0],[112.643401934,-7.18500787699998,0],[112.643399659,-7.18497733099997,0],[112.643414775,-7.18492493199994,0],[112.643436547,-7.18489655599996,0],[112.643492106,-7.18479664099993,0],[112.643516016,-7.18471898899998,0],[112.64349686,-7.18468624199994,0],[112.643472635,-7.18467602299995,0],[112.643441485,-7.18467088899996,0],[112.643403481,-7.18466930799997,0],[112.643349871,-7.18466778199996,0],[112.643304842,-7.18464380599994,0],[112.643283977,-7.18461287199995,0],[112.643285557,-7.18457489699995,0],[112.643313218,-7.18456449099995,0],[112.643349561,-7.18458153799997,0],[112.643384182,-7.18459696299993,0],[112.6434223,-7.18460894099996,0],[112.643456859,-7.18460709899995,0],[112.643477525,-7.18458279699996,0],[112.64347564,-7.18455694799997,0],[112.643454845,-7.18452429599995,0],[112.643402693,-7.18445026099994,0],[112.643385268,-7.18442103299998,0],[112.64334962,-7.18430706999993,0],[112.643326343,-7.18424893499997,0],[112.643304714,-7.18421366299998,0],[112.643286232,-7.18420152399995,0],[112.643258518,-7.18419701299996,0],[112.643246223,-7.18420320499996,0],[112.643240144,-7.18421543099993,0],[112.64323403,-7.18423850599993,0],[112.643221886,-7.18426612299993,0],[112.64320353,-7.18428924199998,0],[112.643180472,-7.18429230799995,0],[112.643155832,-7.18429094899994,0],[112.643120469,-7.18427724399993,0],[112.643103467,-7.18426193599993,0],[112.643074179,-7.18423446799994,0],[112.643063344,-7.18421145399998,0],[112.643060191,-7.18418542899997,0],[112.643069324,-7.18417156399994,0],[112.643072335,-7.18415781299996,0],[112.643083095,-7.18413933099993,0],[112.643106033,-7.18412387999996,0],[112.643127564,-7.18411159799996,0],[112.643139709,-7.18408389099994,0],[112.643138093,-7.18405017599997,0],[112.643128749,-7.18402570999996,0],[112.643114859,-7.18400424299995,0],[112.643085044,-7.18395480899994,0],[112.643025161,-7.18384825599998,0],[112.643004446,-7.18383865799996,0],[112.642982539,-7.18382906399995,0],[112.642949667,-7.18382303399994,0],[112.642928958,-7.18381469999997,0],[112.642926531,-7.18380376899995,0],[112.642932508,-7.18378431099995,0],[112.642949259,-7.18377150299995,0],[112.642976059,-7.18375034299993,0],[112.642985651,-7.18373973199994,0],[112.642978667,-7.18366598899996,0],[112.642976595,-7.18362956199996,0],[112.64297548,-7.18358924499995,0],[112.642966707,-7.18355763599993,0],[112.642953189,-7.18353562599998,0],[112.642941655,-7.18352508899994,0],[112.642929113,-7.18352513399998,0],[112.642909035,-7.18354726499996,0],[112.642893704,-7.18356078899996,0],[112.642882178,-7.18357330599997,0],[112.642866853,-7.18358864199996,0],[112.642850574,-7.18360795399997,0],[112.642836251,-7.18363196199994,0],[112.642817159,-7.18365788799997,0],[112.642800027,-7.18366906699993,0],[112.642769007,-7.18370018699994,0],[112.64274575,-7.18370994399993,0],[112.642716622,-7.18370616099998,0],[112.642710494,-7.18364217599998,0],[112.642714262,-7.18358982099994,0],[112.642719862,-7.18352778299993,0],[112.642717789,-7.18349090399994,0],[112.642686487,-7.18342266999997,0],[112.642675423,-7.18337687499996,0],[112.642686205,-7.18334420099995,0],[112.642707946,-7.18330705699998,0],[112.642727485,-7.18328076999995,0],[112.642773054,-7.18318468899997,0],[112.642783904,-7.18314975299995,0],[112.642790282,-7.18311700599997,0],[112.642779217,-7.18307129899995,0],[112.642765922,-7.18302768099994,0],[112.642767902,-7.18295580199998,0],[112.642784499,-7.18289978299993,0],[112.642822243,-7.18282895099998,0],[112.642854802,-7.18274783299995,0],[112.64286304,-7.18265125099998,0],[112.642862868,-7.18260297599994,0],[112.642845318,-7.18251851099996,0],[112.642822711,-7.18248071499994,0],[112.642798448,-7.18246009799998,0],[112.642709915,-7.18239975299997,0],[112.642674335,-7.18238758499996,0],[112.642611436,-7.18237696199998,0],[112.642559491,-7.18238121599995,0],[112.642439233,-7.18238435899997,0],[112.642288914,-7.18237395999995,0],[112.642191858,-7.18237295099993,0],[112.642011425,-7.18235451999993,0],[112.641930757,-7.18234386999995,0],[112.641867864,-7.18225143099994,0],[112.641794612,-7.18220549599994,0],[112.641693705,-7.18202577399995,0],[112.641618558,-7.18170130799996,0],[112.641595887,-7.18156298199995,0],[112.641567513,-7.18145739899995,0],[112.641542416,-7.18141219899996,0],[112.641514351,-7.18139268099998,0],[112.641483344,-7.18138591899998,0],[112.641425707,-7.18136424799997,0],[112.641397641,-7.18134473099997,0],[112.641393133,-7.18133642899994,0],[112.64135432,-7.18127617799996,0],[112.641333742,-7.18124225999998,0],[112.641296031,-7.18117694199998,0],[112.64125608,-7.18100721499997,0],[112.64119682,-7.18074181999998,0],[112.64114418,-7.18061444899996,0],[112.641054859,-7.18043838699998,0],[112.640988686,-7.18034722499993,0],[112.64095496,-7.18026914799998,0],[112.640938187,-7.18023439999996,0],[112.640935463,-7.18009925799993,0],[112.640947655,-7.18002236799992,0],[112.640975916,-7.17988783599998,0],[112.64098082,-7.17977752499996,0],[112.640963858,-7.17969007399995,0],[112.640965179,-7.17964179399996,0],[112.640973762,-7.17949530799996,0],[112.640976931,-7.17933826399997,0],[112.64097298,-7.17927725699997,0],[112.640973289,-7.17894718799994,0],[112.640958708,-7.17887798999993,0],[112.640940396,-7.17862203099997,0],[112.640922771,-7.17855790699997,0],[112.640908962,-7.17853770499994,0],[112.64085284,-7.17850093099997,0],[112.640719372,-7.17842203499993,0],[112.640644237,-7.17835061099993,0],[112.640566671,-7.17824665199993,0],[112.640478289,-7.17816578399993,0],[112.640436475,-7.17812217799997,0],[112.640489505,-7.17792110999994,0],[112.640521779,-7.17780256499998,0],[112.640533668,-7.17774511799996,0],[112.640534988,-7.17769674699997,0],[112.640511466,-7.17767422799994,0],[112.640435637,-7.17763824799994,0],[112.640332603,-7.17759404499998,0],[112.640063877,-7.17747756999995,0],[112.639987261,-7.17743020099994,0],[112.639959526,-7.17739883899998,0],[112.639935552,-7.17733347399997,0],[112.639970991,-7.17716076299996,0],[112.640001094,-7.17708191399993,0],[112.640039898,-7.17699390199994,0],[112.640096346,-7.17682970799996,0],[112.640122556,-7.17672718699993,0],[112.640127181,-7.17668467799996,0],[112.640129879,-7.17664579499996,0],[112.640115365,-7.17657469799997,0],[112.640106532,-7.17648468699997,0],[112.640114718,-7.17639361999994,0],[112.640139872,-7.17624653299993,0],[112.640157866,-7.17618490399997,0],[112.64015956,-7.17613653299998,0],[112.640153634,-7.17606639799993,0],[112.640142959,-7.17600387699997,0],[112.640084583,-7.17590066199995,0],[112.640036855,-7.17583158299993,0],[112.640041184,-7.17576846499998,0],[112.64007216,-7.17539191099996,0],[112.640093803,-7.17534825799993,0],[112.64030969,-7.17486481799995,0],[112.640566415,-7.17429878299993,0],[112.640800475,-7.17378309399993,0],[112.640998715,-7.17335486299993,0],[112.641742375,-7.17305070699996,0],[112.641864644,-7.17310894199994,0],[112.6420423,-7.17320748099996,0],[112.64238234,-7.17332984799998,0],[112.642830795,-7.17347786299996,0],[112.643003999,-7.17352136299996,0],[112.643348454,-7.17362563099994,0],[112.644110356,-7.17370408799997,0],[112.644407153,-7.17375880299994,0],[112.645295393,-7.17390596599995,0],[112.645197035,-7.17431069599996,0],[112.645290002,-7.17450409799994,0],[112.645395357,-7.17473750599993,0],[112.645375296,-7.17495120399997,0],[112.645319636,-7.17510608299995,0],[112.645146708,-7.17563791999993,0],[112.644987627,-7.17609755999996,0],[112.644892612,-7.17631116599995,0],[112.644690675,-7.17672765799995,0],[112.644649734,-7.17680238699995,0],[112.644629673,-7.17687071599994,0],[112.644616829,-7.17703592799995,0],[112.644586708,-7.17712996699993,0],[112.644553898,-7.17724471799994,0],[112.644533857,-7.17736005299997,0],[112.644537739,-7.17742223799996,0],[112.644597073,-7.17743874999996,0],[112.644553527,-7.17759829099998,0],[112.644424966,-7.17801252899994,0],[112.644369688,-7.17814905699993,0],[112.644394046,-7.17827951399994,0],[112.644686659,-7.17833252699995,0],[112.644925113,-7.17839649199993,0],[112.64505882,-7.17843777999997,0],[112.645221792,-7.17847968599995,0],[112.645292535,-7.17826390899995,0],[112.645324537,-7.17827744399995,0],[112.645604754,-7.17832959899994,0],[112.647112724,-7.17856258399996,0],[112.648047683,-7.17870333299993,0],[112.648741017,-7.17901852199998,0],[112.649247006,-7.17922038299997,0],[112.650050664,-7.17953056199997,0]]]]}},{"type":"Feature","properties":{"fid":10688,"ori_name":"Giri","kode_kec":"35.25.14","kode_kd":"35.25.14.2009","kode_kk":"35.25","kode_prov":"35","tipe_kd":1,"kecamatan":"Kebomas","kel_desa":"Giri","kab_kota":"Gresik","provinsi":"Jawa Timur","jenis_kd":"Desa","nama":"Desa Giri","label":"Desa Giri, Kecamatan Kebomas, Kabupaten Gresik, Provinsi Jawa Timur, 35.25.14.2009"},"geometry":{"type":"MultiPolygon","coordinates":[[[[112.634692545,-7.16747980299994,0],[112.634657915,-7.16758714599996,0],[112.634618953,-7.16767298899993,0],[112.634795752,-7.16786700099993,0],[112.634597676,-7.16823809399995,0],[112.634470936,-7.16820229299998,0],[112.634396658,-7.16832857999998,0],[112.63430403,-7.16847997599996,0],[112.634282038,-7.16884465599998,0],[112.634412634,-7.16895710699993,0],[112.634627263,-7.16914510899994,0],[112.635084876,-7.16955970399994,0],[112.635211848,-7.16966086699995,0],[112.635268779,-7.16969411399998,0],[112.635393985,-7.16971834899994,0],[112.635350801,-7.16985501399995,0],[112.635454416,-7.16993745499997,0],[112.635421777,-7.17012145399997,0],[112.63561422,-7.17022238399994,0],[112.635809821,-7.17039164899995,0],[112.63557985,-7.17054877899994,0],[112.635260549,-7.17079825499997,0],[112.634919031,-7.17093019599997,0],[112.63471149,-7.17099213799997,0],[112.634433769,-7.17105270299993,0],[112.63386323,-7.17104306999994,0],[112.63386014,-7.17109840899997,0],[112.633841155,-7.17132195699998,0],[112.633198172,-7.17128347199997,0],[112.633100246,-7.17189649099993,0],[112.633092543,-7.17195564299993,0],[112.633086348,-7.17206089899997,0],[112.633125348,-7.17227899499994,0],[112.633112323,-7.17233165699997,0],[112.633060306,-7.17258786799994,0],[112.6329917,-7.17292342299993,0],[112.632898316,-7.17315618699996,0],[112.632861843,-7.17327067699995,0],[112.632846407,-7.17335878799997,0],[112.632794956,-7.17333401799993,0],[112.632516563,-7.17358352999997,0],[112.632161005,-7.17350559899995,0],[112.631589341,-7.17334942199994,0],[112.631513646,-7.17332962299997,0],[112.631365108,-7.17339948899996,0],[112.63130421,-7.17342574199995,0],[112.631217881,-7.17348101499994,0],[112.631195877,-7.17350731199997,0],[112.631139653,-7.17360921499994,0],[112.631098522,-7.17367345899993,0],[112.630977174,-7.17385271099994,0],[112.630920139,-7.17391592699994,0],[112.630814004,-7.17402722799994,0],[112.630745318,-7.17411019499997,0],[112.630724331,-7.17408676399998,0],[112.630632416,-7.17406141399994,0],[112.630510012,-7.17402794599997,0],[112.630511262,-7.17398038899995,0],[112.630551104,-7.17382701199995,0],[112.630556793,-7.17376840899993,0],[112.63055817,-7.17369372899998,0],[112.630556635,-7.17366073899996,0],[112.630503504,-7.17358326799996,0],[112.630415708,-7.17347807699997,0],[112.630384736,-7.17343931299996,0],[112.630380261,-7.17341880699996,0],[112.630376461,-7.17337922299993,0],[112.630379841,-7.17334277799995,0],[112.630402908,-7.17323791699994,0],[112.630423301,-7.17317844899998,0],[112.630428362,-7.17315284599994,0],[112.630427539,-7.17313160399993,0],[112.630403834,-7.17307816899995,0],[112.630387362,-7.17300219599997,0],[112.630321917,-7.17277885699997,0],[112.630292144,-7.17267798099994,0],[112.63027574,-7.17262090299994,0],[112.630092035,-7.17258421899993,0],[112.629749945,-7.17251428499998,0],[112.629816934,-7.17235348599996,0],[112.629859933,-7.17222685899998,0],[112.629939954,-7.17201475499996,0],[112.629996082,-7.17186448399997,0],[112.630004785,-7.17183443899995,0],[112.630083834,-7.17176888499995,0],[112.63007828,-7.17165535699996,0],[112.630061401,-7.17144368799995,0],[112.629839495,-7.17141292399998,0],[112.629541471,-7.17136986399993,0],[112.629494424,-7.17136569099995,0],[112.629400247,-7.17129198499993,0],[112.629465199,-7.17083114099995,0],[112.629525669,-7.17080995199996,0],[112.630028586,-7.17065520299997,0],[112.630507065,-7.17049321699994,0],[112.630512122,-7.17044591899997,0],[112.630464802,-7.17044870699993,0],[112.630468568,-7.17039490499997,0],[112.630498511,-7.17022926599998,0],[112.630454414,-7.17021477699996,0],[112.630490758,-7.16991748899994,0],[112.63049194,-7.16987219199996,0],[112.63058056,-7.16962190799995,0],[112.630553635,-7.16954470499996,0],[112.630541482,-7.16950741099993,0],[112.630615485,-7.16930328599994,0],[112.63068164,-7.16915957999993,0],[112.630682917,-7.16914085999997,0],[112.630261358,-7.16885061899995,0],[112.630207761,-7.16878815999996,0],[112.630044661,-7.16847864899995,0],[112.629904877,-7.16819671999997,0],[112.629843341,-7.16800184499994,0],[112.629959058,-7.16764568999997,0],[112.630232871,-7.16688540899997,0],[112.630386706,-7.16645797099994,0],[112.630458016,-7.16629453699994,0],[112.630826265,-7.16645794999994,0],[112.632177021,-7.16701845699993,0],[112.632254225,-7.16689595499997,0],[112.632384882,-7.16668991199998,0],[112.632476857,-7.16652269699995,0],[112.632513041,-7.16645349899994,0],[112.632584889,-7.16629458299997,0],[112.632727105,-7.16608515499996,0],[112.633221478,-7.16644700499995,0],[112.633565471,-7.16665389399998,0],[112.633979952,-7.16699080599994,0],[112.634692545,-7.16747980299994,0]]]]}},{"type":"Feature","properties":{"fid":10799,"ori_name":"Gulomantung","kode_kec":"35.25.14","kode_kd":"35.25.14.1006","kode_kk":"35.25","kode_prov":"35","tipe_kd":2,"kecamatan":"Kebomas","kel_desa":"Gulomantung","kab_kota":"Gresik","provinsi":"Jawa Timur","jenis_kd":"Kelurahan","nama":"Kelurahan Gulomantung","label":"Kelurahan Gulomantung, Kecamatan Kebomas, Kabupaten Gresik, Provinsi Jawa Timur, 35.25.14.1006"},"geometry":{"type":"MultiPolygon","coordinates":[[[[112.629498147,-7.17782673599993,0],[112.629599493,-7.17787944299994,0],[112.629773403,-7.17799544699994,0],[112.629760369,-7.17812920399996,0],[112.629928697,-7.17814514899993,0],[112.630340472,-7.17822197899994,0],[112.630491215,-7.17824684499993,0],[112.630636103,-7.17828375799996,0],[112.630904014,-7.17836019399994,0],[112.631034127,-7.17841984899997,0],[112.631154543,-7.17848161999996,0],[112.631374666,-7.17859745999993,0],[112.631759007,-7.17879010199994,0],[112.631781599,-7.17880367399994,0],[112.632004403,-7.17835157999997,0],[112.63204187,-7.17828635699993,0],[112.632160225,-7.17831432199995,0],[112.632297246,-7.17836409899996,0],[112.632461789,-7.17844876599997,0],[112.632631786,-7.17853449799998,0],[112.632498042,-7.17875429499998,0],[112.63273306,-7.17894357999995,0],[112.632941303,-7.17911948999995,0],[112.633041216,-7.17920981099996,0],[112.633142521,-7.17937669899993,0],[112.633269436,-7.17954412899996,0],[112.633355129,-7.17962473699993,0],[112.633442984,-7.17970415999997,0],[112.633501352,-7.17980556699996,0],[112.633586991,-7.17987089599995,0],[112.633701109,-7.17994588799996,0],[112.633775399,-7.18001089599994,0],[112.63386549,-7.18011002199995,0],[112.633941456,-7.18022664199998,0],[112.633849065,-7.18040298899996,0],[112.633767865,-7.18051429599996,0],[112.633723055,-7.18053081799997,0],[112.63354818,-7.18062654599993,0],[112.633526353,-7.18063973299996,0],[112.633521202,-7.18066081499995,0],[112.633432152,-7.18072749199996,0],[112.633364553,-7.18080104799998,0],[112.633324879,-7.18089674799995,0],[112.63330462,-7.18097293999995,0],[112.63328415,-7.18103150599995,0],[112.633271325,-7.18105650199993,0],[112.633235756,-7.18108944599993,0],[112.633192944,-7.18112169199998,0],[112.63315516,-7.18114035999997,0],[112.633118014,-7.18114971299997,0],[112.633080202,-7.18115988199997,0],[112.633064552,-7.18116780299994,0],[112.633036682,-7.18118209599993,0],[112.633004004,-7.18123003599993,0],[112.632968473,-7.18129434999997,0],[112.632960304,-7.18130640299995,0],[112.632965427,-7.18154957399997,0],[112.632971715,-7.18170079799995,0],[112.632980751,-7.18182697099996,0],[112.633161116,-7.18190977499995,0],[112.633236407,-7.18198291499994,0],[112.633349497,-7.18210491799994,0],[112.633419876,-7.18220311899995,0],[112.633477848,-7.18223500599993,0],[112.633532906,-7.18224547799997,0],[112.633585882,-7.18225812599997,0],[112.633669638,-7.18229778699992,0],[112.633704774,-7.18233183499996,0],[112.633729156,-7.18236528799997,0],[112.633746947,-7.18241359099994,0],[112.633770024,-7.18247841999994,0],[112.633774699,-7.18257540699994,0],[112.633785467,-7.18260104599995,0],[112.633857962,-7.18268567499996,0],[112.633919617,-7.18274530399998,0],[112.634036773,-7.18283456799998,0],[112.634263169,-7.18299214999996,0],[112.634382727,-7.18306440999993,0],[112.634652348,-7.18317961899993,0],[112.634756874,-7.18322345599995,0],[112.63468809,-7.18338344399996,0],[112.634586574,-7.18361759199996,0],[112.634548401,-7.18373615799993,0],[112.634518495,-7.18380822699993,0],[112.634512921,-7.18383536999994,0],[112.634523685,-7.18404859399993,0],[112.634537668,-7.18415910999994,0],[112.634549749,-7.18430154399994,0],[112.634562667,-7.18451123699998,0],[112.63459394,-7.18465577299997,0],[112.634648828,-7.18480601099998,0],[112.634689502,-7.18494834399996,0],[112.634731994,-7.18503588399994,0],[112.634862474,-7.18515520699998,0],[112.634966426,-7.18524758999996,0],[112.635155885,-7.18538866799997,0],[112.635332867,-7.18552644799996,0],[112.635397384,-7.18557250499993,0],[112.635459368,-7.18564044799996,0],[112.63546483,-7.18566456599996,0],[112.635477921,-7.18579714399993,0],[112.635511898,-7.18594555699997,0],[112.635813581,-7.18598651799994,0],[112.636133302,-7.18604007199997,0],[112.636239163,-7.18606048799995,0],[112.63635225,-7.18607626599993,0],[112.636398945,-7.18608595499995,0],[112.636646124,-7.18618804199997,0],[112.636830384,-7.18627335899993,0],[112.636854221,-7.18640499399993,0],[112.636865738,-7.18676485499998,0],[112.636907153,-7.18680140899994,0],[112.637036665,-7.18687977899998,0],[112.637156198,-7.18694480499994,0],[112.637249688,-7.18697132399996,0],[112.637281065,-7.18697735699993,0],[112.637340242,-7.18699097799993,0],[112.637604177,-7.18701869399996,0],[112.63769762,-7.18703164899995,0],[112.637787163,-7.18704027899997,0],[112.637774449,-7.18707549199996,0],[112.637643666,-7.18720460499998,0],[112.637503676,-7.18741104599997,0],[112.63742841,-7.18749077999996,0],[112.637386858,-7.18756234799997,0],[112.637345557,-7.18768273399996,0],[112.637306972,-7.18789477999997,0],[112.637250337,-7.18807000599998,0],[112.637212207,-7.18813794699997,0],[112.637182654,-7.18820350399994,0],[112.637131566,-7.18825964599995,0],[112.637030695,-7.18840284599997,0],[112.637015384,-7.18846365199994,0],[112.636996049,-7.18873520599993,0],[112.636967067,-7.18900173099996,0],[112.636953946,-7.18931973099996,0],[112.636955999,-7.18958026899998,0],[112.636980984,-7.18988610899993,0],[112.636982957,-7.18990079099996,0],[112.6368,-7.18987999999996,0],[112.63592,-7.18982999999997,0],[112.63572,-7.18981999999994,0],[112.63483,-7.18977999999993,0],[112.63466,-7.18977999999993,0],[112.63444,-7.18977999999993,0],[112.63354,-7.18977999999993,0],[112.63314,-7.18986999999993,0],[112.63288,-7.18992999999995,0],[112.63275,-7.18992999999995,0],[112.63253,-7.18997000099995,0],[112.63189,-7.19013999999993,0],[112.63173,-7.19019999999995,0],[112.63176,-7.19112999999993,0],[112.63176,-7.19190999999995,0],[112.631866382,-7.19236994499994,0],[112.6321,-7.19337999999993,0],[112.632133676,-7.19354306099996,0],[112.63229,-7.19430000099993,0],[112.632297361,-7.19434388099995,0],[112.632416637,-7.19505495999994,0],[112.632330983,-7.19505505199993,0],[112.632270737,-7.19504962099995,0],[112.632241764,-7.19504727199995,0],[112.632200678,-7.19504393599993,0],[112.631851178,-7.19500812799993,0],[112.631006866,-7.19501113599995,0],[112.630455795,-7.19509031099994,0],[112.629900778,-7.19520404099995,0],[112.629321579,-7.19538287499995,0],[112.629098892,-7.19546809099995,0],[112.628938325,-7.19552953499993,0],[112.628699865,-7.19562078599995,0],[112.628029514,-7.19583591799994,0],[112.628028226,-7.19580923699993,0],[112.628028785,-7.19575917899994,0],[112.628033715,-7.19531732499996,0],[112.627932166,-7.19485255299998,0],[112.627910862,-7.19478220399998,0],[112.62781831,-7.19462143099997,0],[112.627747617,-7.19449782699996,0],[112.62760106,-7.19414133899994,0],[112.627528348,-7.19391178799998,0],[112.627496678,-7.19380305299995,0],[112.6274985,-7.19339233799997,0],[112.627482874,-7.19332314299993,0],[112.627453548,-7.19320165199997,0],[112.627430564,-7.19307869299996,0],[112.627450437,-7.19278905599998,0],[112.627467713,-7.19267228199993,0],[112.627488521,-7.19245622999995,0],[112.627507227,-7.19230021499993,0],[112.627545135,-7.19204369199997,0],[112.627539154,-7.19193640299994,0],[112.627325749,-7.19192712599994,0],[112.627165761,-7.19192769399996,0],[112.627142577,-7.19191674899997,0],[112.627057981,-7.19178894399994,0],[112.626616335,-7.19181763399996,0],[112.626205069,-7.19184512999993,0],[112.626040035,-7.19185475699993,0],[112.626028858,-7.19190262099994,0],[112.625596552,-7.19203876899996,0],[112.625592448,-7.19201871199994,0],[112.625621548,-7.19169920799993,0],[112.625672022,-7.19119691999992,0],[112.625695526,-7.19100418299996,0],[112.625732538,-7.19066358699996,0],[112.625777785,-7.19035017499994,0],[112.625819105,-7.19008685799997,0],[112.625873328,-7.18975722899995,0],[112.625901654,-7.18951412199993,0],[112.625941255,-7.18931319099994,0],[112.625965753,-7.18912732099994,0],[112.625983316,-7.18896453099995,0],[112.6259988,-7.18878375499997,0],[112.6260298,-7.18845321699996,0],[112.626050215,-7.18823137899994,0],[112.62607332,-7.18792690499993,0],[112.626097013,-7.18778732499993,0],[112.626145822,-7.18763554199995,0],[112.626269678,-7.18738395999998,0],[112.626328793,-7.18725437899997,0],[112.626356746,-7.18720003699997,0],[112.626377242,-7.18716940699994,0],[112.626476359,-7.18722456499995,0],[112.626564426,-7.18730082499997,0],[112.626633787,-7.18740707699993,0],[112.626675752,-7.18751414699994,0],[112.626727322,-7.18763483499993,0],[112.626781996,-7.18768355199995,0],[112.626951158,-7.18774397299995,0],[112.627003446,-7.18775156499993,0],[112.62711816,-7.18780548899997,0],[112.627217388,-7.18787058999993,0],[112.627295799,-7.18789761399995,0],[112.627323558,-7.18789416999994,0],[112.627386966,-7.18790054399994,0],[112.627488279,-7.18794348899996,0],[112.627637715,-7.18806165999996,0],[112.627731297,-7.18811349099997,0],[112.627847092,-7.18815638499996,0],[112.627932794,-7.18819712299995,0],[112.628007514,-7.18825679699995,0],[112.628061989,-7.18824991299994,0],[112.6281459,-7.18816499599995,0],[112.628339293,-7.18802689299997,0],[112.62843191,-7.18795505399993,0],[112.628443365,-7.18790167499998,0],[112.628476906,-7.18769705999995,0],[112.628502961,-7.18763431599996,0],[112.628580214,-7.18739880799995,0],[112.628591058,-7.18736206599993,0],[112.628592346,-7.18732580899996,0],[112.62865837,-7.18699812799997,0],[112.628712957,-7.18672924999993,0],[112.628726557,-7.18669041899994,0],[112.629082773,-7.18667748999997,0],[112.629194102,-7.18638852299995,0],[112.629262414,-7.18622157299995,0],[112.629478211,-7.18623246899995,0],[112.629635236,-7.18607117099998,0],[112.629787986,-7.18592525699995,0],[112.629889678,-7.18582300899993,0],[112.629906048,-7.18580785399996,0],[112.629840897,-7.18562600899998,0],[112.629806016,-7.18547524799993,0],[112.629744401,-7.18532177899993,0],[112.629633913,-7.18523881799996,0],[112.629565854,-7.18520470599998,0],[112.629424145,-7.18511787799997,0],[112.629219738,-7.18497169699998,0],[112.629140157,-7.18509827499997,0],[112.629130215,-7.18511575999997,0],[112.628932869,-7.18502379499995,0],[112.628585159,-7.18486736399996,0],[112.628206763,-7.18468916299997,0],[112.628029542,-7.18460942299993,0],[112.627439479,-7.18465708099995,0],[112.627425517,-7.18465685899997,0],[112.627369981,-7.18455381599995,0],[112.627332732,-7.18451317399996,0],[112.627292813,-7.18447787599996,0],[112.627207463,-7.18443080699996,0],[112.627064698,-7.18438267599993,0],[112.626981307,-7.18434066399993,0],[112.626950988,-7.18431744499998,0],[112.626940347,-7.18430582099995,0],[112.626941396,-7.18428629099998,0],[112.626944259,-7.18425147399995,0],[112.626961112,-7.18420431299995,0],[112.626980017,-7.18416663799997,0],[112.627004355,-7.18414594099994,0],[112.627034533,-7.18412946899997,0],[112.627076891,-7.18411657099995,0],[112.627131999,-7.18409892899996,0],[112.627156285,-7.18408455699995,0],[112.627176398,-7.18407182899995,0],[112.627193271,-7.18405106799997,0],[112.627195925,-7.18404156399993,0],[112.627198067,-7.18401416399996,0],[112.627188511,-7.18399304299993,0],[112.627177852,-7.18397671799994,0],[112.627161291,-7.18395932899995,0],[112.627086324,-7.18389341799997,0],[112.627014552,-7.18384340699993,0],[112.626966234,-7.18381817499994,0],[112.626920277,-7.18380595499997,0],[112.626897507,-7.18380603299994,0],[112.62686147,-7.18381194899996,0],[112.626836564,-7.18382053299996,0],[112.626811695,-7.18383906399993,0],[112.626776833,-7.18386043499993,0],[112.626761483,-7.18386889499993,0],[112.626737623,-7.18387747899993,0],[112.626722244,-7.18387753299993,0],[112.626698938,-7.18387390899994,0],[112.626671268,-7.18386080799996,0],[112.626657994,-7.18384331599998,0],[112.626637135,-7.18379312499997,0],[112.626629564,-7.18376358899997,0],[112.62662413,-7.18372599999998,0],[112.626612,-7.18365317699994,0],[112.626590419,-7.18354639499995,0],[112.626567985,-7.18349412999993,0],[112.626514268,-7.18344079999997,0],[112.626401984,-7.18339861799996,0],[112.626294831,-7.18337205699993,0],[112.626176556,-7.18336660199998,0],[112.626070159,-7.18338433499997,0],[112.625990724,-7.18340468699995,0],[112.625920281,-7.18341451899994,0],[112.625898553,-7.18341351099997,0],[112.625872551,-7.18340727499998,0],[112.625857668,-7.18339991499994,0],[112.625843295,-7.18338884599996,0],[112.625837922,-7.18336825499995,0],[112.6258368,-7.18334701299995,0],[112.625849303,-7.18329353799993,0],[112.625864038,-7.18325967399994,0],[112.625874028,-7.18323477699994,0],[112.625882401,-7.18319605399995,0],[112.625872515,-7.18316607499997,0],[112.625846466,-7.18314663999996,0],[112.625810981,-7.18314043699996,0],[112.625775983,-7.18314426799998,0],[112.62565359,-7.18317797099996,0],[112.625585282,-7.18319945799993,0],[112.625552443,-7.18320273799998,0],[112.625508631,-7.18320560599994,0],[112.625500193,-7.18320509299997,0],[112.625441808,-7.18318306299994,0],[112.62532324,-7.18309461299998,0],[112.625237079,-7.18300867199997,0],[112.62520701,-7.18299259599996,0],[112.625184206,-7.18298309299996,0],[112.625157703,-7.18298318699993,0],[112.625141311,-7.18299228799998,0],[112.625128084,-7.18300978099995,0],[112.625122367,-7.18303945399998,0],[112.625119812,-7.18307698099994,0],[112.625115344,-7.18316414799995,0],[112.62511376,-7.18318060699994,0],[112.625106495,-7.18321607099995,0],[112.625094466,-7.18325525899996,0],[112.62508548,-7.18326848999993,0],[112.625057422,-7.18329354199994,0],[112.625025136,-7.18330468499994,0],[112.624994929,-7.18331274799993,0],[112.624946719,-7.18331770999993,0],[112.624911194,-7.18332100099997,0],[112.624877303,-7.18332166299996,0],[112.624810059,-7.18330662299996,0],[112.624786184,-7.18329025499997,0],[112.624693193,-7.18323561699998,0],[112.624674573,-7.18322718399997,0],[112.624648544,-7.18321353499994,0],[112.624613058,-7.18320678999993,0],[112.624586546,-7.18320426199995,0],[112.624545711,-7.18320485899994,0],[112.62451392,-7.18320822599998,0],[112.62448744,-7.18321464899998,0],[112.624454541,-7.18322163499994,0],[112.624384284,-7.18324095999998,0],[112.624362484,-7.18324103699996,0],[112.62432058,-7.18323485699995,0],[112.624241485,-7.18320394799997,0],[112.624210639,-7.18317964699997,0],[112.624167017,-7.18313116399997,0],[112.624121627,-7.18308919799995,0],[112.624079554,-7.18303537299994,0],[112.624066701,-7.18301109999993,0],[112.624064566,-7.18299836199998,0],[112.624067718,-7.18298198499997,0],[112.624075046,-7.18296451099997,0],[112.624088242,-7.18293851799996,0],[112.624098751,-7.18291217299998,0],[112.624099763,-7.18290313099993,0],[112.62409868,-7.18289210299997,0],[112.624086977,-7.18287623499998,0],[112.624063598,-7.18287315299995,0],[112.624042416,-7.18287901299993,0],[112.624011655,-7.18287812899996,0],[112.623975075,-7.18287870899997,0],[112.623958121,-7.18287669099993,0],[112.623907138,-7.18285779499996,0],[112.623846633,-7.18282736399993,0],[112.62380014,-7.18281089299995,0],[112.623782064,-7.18280878599995,0],[112.62375504,-7.18280888299995,0],[112.623736989,-7.18281373699995,0],[112.623726417,-7.18282172999994,0],[112.623718029,-7.18283550199993,0],[112.623693664,-7.18289100599998,0],[112.623684258,-7.18291219399993,0],[112.623667301,-7.18293024499997,0],[112.623648314,-7.18294459699996,0],[112.623605951,-7.18295640799994,0],[112.623548715,-7.18296348199993,0],[112.623483986,-7.18296271599996,0],[112.623453741,-7.18296011299998,0],[112.62343199,-7.18295331699994,0],[112.62340546,-7.18294545599997,0],[112.623394831,-7.18293762899998,0],[112.623377841,-7.18292548299996,0],[112.623375027,-7.18289005399993,0],[112.623370223,-7.18286150499995,0],[112.623369538,-7.18283664499995,0],[112.623370771,-7.18278438599998,0],[112.623370119,-7.18260077499997,0],[112.623377397,-7.18252679799997,0],[112.623400006,-7.18248124499996,0],[112.62342836,-7.18241388299998,0],[112.623465211,-7.18232172199993,0],[112.623478228,-7.18224500999997,0],[112.623484458,-7.18221217199994,0],[112.623499579,-7.18213961299995,0],[112.623509577,-7.18211679499996,0],[112.623518571,-7.18210564399993,0],[112.623528093,-7.18209611899994,0],[112.623545024,-7.18209126799997,0],[112.623573591,-7.18208429399994,0],[112.623602233,-7.18207677999993,0],[112.623625484,-7.18206512499995,0],[112.623649313,-7.18204804499993,0],[112.623701449,-7.18201305399998,0],[112.623709856,-7.18200506899996,0],[112.623722036,-7.18198703499996,0],[112.62372938,-7.18197380999993,0],[112.623733575,-7.18195688899993,0],[112.623734572,-7.18194314399994,0],[112.623733455,-7.18192298799994,0],[112.62371743,-7.18188814899997,0],[112.623678544,-7.18182798699996,0],[112.623672594,-7.18181317999995,0],[112.62366566,-7.18179467199997,0],[112.623657151,-7.18177417999993,0],[112.623657625,-7.18176043799997,0],[112.623660692,-7.18174080799997,0],[112.623666467,-7.18172758799994,0],[112.62367868,-7.18171904699994,0],[112.623699339,-7.18171318799995,0],[112.623749674,-7.18171780299997,0],[112.623788993,-7.18173194599996,0],[112.623836777,-7.18175392699993,0],[112.623885543,-7.18175854499998,0],[112.623913174,-7.18176052799993,0],[112.623953929,-7.18175884799996,0],[112.623984653,-7.18174870199994,0],[112.623996847,-7.18173536899997,0],[112.624009481,-7.18171896099994,0],[112.62402218,-7.18169984099995,0],[112.624030543,-7.18167919899997,0],[112.624035758,-7.18165540399997,0],[112.624039402,-7.18162998699995,0],[112.624052303,-7.18154206999998,0],[112.624059867,-7.18148562799996,0],[112.624068437,-7.18137602699994,0],[112.624060257,-7.18130092899997,0],[112.62405088,-7.18124599799995,0],[112.624047991,-7.18116825799996,0],[112.624050926,-7.18111165399995,0],[112.624068759,-7.18104595599993,0],[112.624085584,-7.18099093099994,0],[112.624118164,-7.18089399099995,0],[112.624148722,-7.18083729199998,0],[112.624187726,-7.18078372299993,0],[112.62422262,-7.18075023899996,0],[112.624269275,-7.18070622799996,0],[112.624310458,-7.18065690099996,0],[112.62432894,-7.18062664299993,0],[112.624373048,-7.18051754799995,0],[112.624391005,-7.18046568099993,0],[112.624399326,-7.18043337699993,0],[112.624401928,-7.18040904799994,0],[112.624401835,-7.18038255999994,0],[112.624375649,-7.18032497399997,0],[112.624330777,-7.18023942999997,0],[112.624297157,-7.18019054999996,0],[112.624255003,-7.18011394399997,0],[112.624203805,-7.18003420699995,0],[112.624155137,-7.17993131699996,0],[112.624105302,-7.17979389699997,0],[112.62403737,-7.17966883799994,0],[112.623912179,-7.17948141699998,0],[112.623864067,-7.17942987599997,0],[112.623799742,-7.17937459599995,0],[112.62375933,-7.17934716399998,0],[112.623721641,-7.17932984899994,0],[112.623671216,-7.17931999299998,0],[112.62364687,-7.17931799999997,0],[112.623549884,-7.17931554199993,0],[112.623442756,-7.17931646199997,0],[112.623339426,-7.17931465799995,0],[112.623264065,-7.17930543199998,0],[112.623203618,-7.17929136199996,0],[112.623166978,-7.17927449699994,0],[112.623137186,-7.17925190799997,0],[112.623057632,-7.17921801699993,0],[112.623031123,-7.17921657399995,0],[112.622989758,-7.17921509499996,0],[112.622955263,-7.17921367799994,0],[112.622923981,-7.17921378999995,0],[112.622888444,-7.17921337199994,0],[112.622866135,-7.17919600199997,0],[112.622860791,-7.17918381599998,0],[112.622853738,-7.17913149699996,0],[112.622854552,-7.17906640199993,0],[112.622857086,-7.17904415399994,0],[112.622877616,-7.17900177099995,0],[112.622908857,-7.17894832199994,0],[112.622921476,-7.17892811699994,0],[112.622930959,-7.17890747199993,0],[112.622938862,-7.17888312399998,0],[112.622939271,-7.17885139199996,0],[112.622934903,-7.17881967399995,0],[112.622927422,-7.17879429599998,0],[112.622915602,-7.17876622199998,0],[112.622910835,-7.17874824799998,0],[112.62287285,-7.17866801399992,0],[112.622866878,-7.17864742099994,0],[112.622863676,-7.17862835699998,0],[112.622860918,-7.17860883899993,0],[112.622862979,-7.17857917899994,0],[112.622865537,-7.17856380099994,0],[112.622869733,-7.17854742299994,0],[112.622876008,-7.17852733299998,0],[112.622888161,-7.17850188399996,0],[112.622894468,-7.17849074199995,0],[112.622909795,-7.17847586299996,0],[112.622927216,-7.17846250999997,0],[112.622978689,-7.17843023499995,0],[112.622993494,-7.17841535499997,0],[112.623010372,-7.17839621999997,0],[112.623020369,-7.17837340499995,0],[112.623025608,-7.17835593599995,0],[112.623031349,-7.17833268199996,0],[112.623037582,-7.17830092699995,0],[112.62304174,-7.17827388099994,0],[112.623043193,-7.17824105899996,0],[112.623044733,-7.17821194299995,0],[112.623057277,-7.17814960999993,0],[112.623063062,-7.17813846999996,0],[112.623072573,-7.17812623099996,0],[112.623078373,-7.17811933999997,0],[112.623087904,-7.17811297799994,0],[112.62309849,-7.17810814999996,0],[112.623108566,-7.17810766099996,0],[112.623123952,-7.17810968699996,0],[112.623137713,-7.17811650799996,0],[112.623163266,-7.17814344899995,0],[112.623176165,-7.17818092399995,0],[112.623189061,-7.17823855399996,0],[112.623205016,-7.17835900799997,0],[112.623208825,-7.17840130399998,0],[112.623221218,-7.17844366099996,0],[112.623229706,-7.17845836599997,0],[112.623242511,-7.17846944099995,0],[112.623250952,-7.17847049599993,0],[112.623274326,-7.17847249499994,0],[112.623292297,-7.17846664499996,0],[112.623306078,-7.17845809599993,0],[112.623319832,-7.17844222699995,0],[112.623328724,-7.17842311999993,0],[112.623340362,-7.17839984599993,0],[112.623353481,-7.17837276699993,0],[112.623386452,-7.17825991599994,0],[112.623393323,-7.17823982099998,0],[112.623403826,-7.17821230099997,0],[112.623468214,-7.17807456699995,0],[112.623485608,-7.17805334999997,0],[112.623527765,-7.17798331799997,0],[112.623553063,-7.17793829699997,0],[112.623565274,-7.17788699499994,0],[112.623577343,-7.17783822299998,0],[112.623581357,-7.17779119799997,0],[112.623576467,-7.17773823999994,0],[112.623573615,-7.17769223199997,0],[112.623570556,-7.17765065699996,0],[112.623590051,-7.17756904199996,0],[112.623622774,-7.17747056599995,0],[112.623678267,-7.17743520199997,0],[112.623723517,-7.17739526399993,0],[112.623973496,-7.17719404099995,0],[112.624189805,-7.17743502099995,0],[112.624210116,-7.17745736999996,0],[112.624309048,-7.17735585499997,0],[112.624381439,-7.17730705099996,0],[112.624526426,-7.17728755299993,0],[112.62466224,-7.17727089199997,0],[112.624773935,-7.17723198199997,0],[112.625024388,-7.17737447799993,0],[112.625451098,-7.17760033699994,0],[112.625449352,-7.17765512699998,0],[112.625436532,-7.17772397099998,0],[112.625434934,-7.17777849099997,0],[112.625403027,-7.17787606199994,0],[112.625302492,-7.17803046699993,0],[112.625261757,-7.17810112899997,0],[112.625428306,-7.17811970299994,0],[112.625640711,-7.17814372199996,0],[112.625940805,-7.17818008599994,0],[112.626152662,-7.17819678399997,0],[112.626303518,-7.17819010199997,0],[112.62642191,-7.17818706099996,0],[112.626648552,-7.17818372599993,0],[112.626720969,-7.17818428299995,0],[112.626921331,-7.17813836999994,0],[112.627025849,-7.17811711799993,0],[112.627112112,-7.17810632399994,0],[112.627201656,-7.17809461699994,0],[112.62738298,-7.17809053699995,0],[112.627647974,-7.17808173199995,0],[112.627767453,-7.17809007899996,0],[112.627868364,-7.17810445599997,0],[112.628009676,-7.17812221599996,0],[112.628142308,-7.17815564799997,0],[112.628227849,-7.17817279199994,0],[112.628301675,-7.17810725799995,0],[112.628411779,-7.17793627299994,0],[112.628485308,-7.17785030899995,0],[112.628516725,-7.17784676299993,0],[112.628901334,-7.17788454199996,0],[112.629099308,-7.17790210199996,0],[112.629234206,-7.17787983499994,0],[112.629498147,-7.17782673599993,0]]]]}},{"type":"Feature","properties":{"fid":10872,"ori_name":"Indro","kode_kec":"35.25.14","kode_kd":"35.25.14.1019","kode_kk":"35.25","kode_prov":"35","tipe_kd":2,"kecamatan":"Kebomas","kel_desa":"Indro","kab_kota":"Gresik","provinsi":"Jawa Timur","jenis_kd":"Kelurahan","nama":"Kelurahan Indro","label":"Kelurahan Indro, Kecamatan Kebomas, Kabupaten Gresik, Provinsi Jawa Timur, 35.25.14.1019"},"geometry":{"type":"MultiPolygon","coordinates":[[[[112.674664256,-7.17545805899994,0],[112.674659898,-7.17553976899995,0],[112.674658046,-7.17557449099996,0],[112.674683102,-7.17587584199993,0],[112.674681851,-7.17600732499994,0],[112.674681688,-7.17602441399993,0],[112.674679641,-7.17623949899996,0],[112.674677042,-7.17659918299995,0],[112.67467646,-7.17667971299994,0],[112.674674768,-7.17678952099993,0],[112.674668716,-7.17718214499996,0],[112.674673506,-7.17726292399993,0],[112.674684033,-7.17744046899998,0],[112.674685145,-7.17774453699997,0],[112.674685328,-7.17779453899993,0],[112.674690661,-7.17794284899998,0],[112.674594899,-7.17795755199995,0],[112.674422572,-7.17799645999997,0],[112.674441113,-7.17803481799996,0],[112.674475673,-7.17810631599997,0],[112.67465293,-7.17810566999998,0],[112.674758362,-7.17811485399994,0],[112.674849905,-7.17823411099994,0],[112.674877021,-7.17826943499995,0],[112.674926843,-7.17833434099998,0],[112.675150753,-7.17868854099993,0],[112.675225603,-7.17880694499996,0],[112.675323002,-7.17893843199994,0],[112.675504851,-7.17918392499996,0],[112.675707913,-7.17949009899996,0],[112.675837253,-7.17968511499993,0],[112.67607804,-7.18004181999993,0],[112.676103705,-7.18007984099995,0],[112.676323766,-7.18040584299996,0],[112.676316803,-7.18076073099996,0],[112.676315692,-7.18081736499994,0],[112.676312509,-7.18113997799998,0],[112.676312198,-7.18117145299993,0],[112.676304632,-7.18172173199997,0],[112.676305245,-7.18188919799996,0],[112.67628215,-7.18212373699993,0],[112.676167171,-7.18212415699998,0],[112.676103704,-7.18211849399995,0],[112.675961097,-7.18210577099995,0],[112.675664086,-7.18211164099995,0],[112.675410209,-7.18212213799995,0],[112.675083835,-7.18211880299998,0],[112.675065254,-7.18211861299994,0],[112.674772858,-7.18207661699995,0],[112.674630779,-7.18207713599998,0],[112.674566854,-7.18207736899996,0],[112.674394386,-7.18207799899994,0],[112.674217319,-7.18213127799993,0],[112.673373754,-7.18206149399998,0],[112.672604779,-7.18204994399997,0],[112.672257036,-7.18205121199998,0],[112.67203259,-7.18205202999997,0],[112.671864601,-7.18205264299996,0],[112.671220246,-7.18202497799996,0],[112.670796234,-7.18201934599995,0],[112.670697093,-7.18201031399997,0],[112.670083192,-7.18195438899994,0],[112.669811384,-7.18192962799998,0],[112.669569435,-7.18192761399996,0],[112.669330049,-7.18192562199994,0],[112.669048625,-7.18192327999998,0],[112.668611235,-7.18191963999993,0],[112.667856604,-7.18190085299995,0],[112.667659775,-7.18189587099994,0],[112.667360703,-7.18188830099996,0],[112.667102523,-7.18203278399994,0],[112.666894279,-7.18207660399997,0],[112.66680921,-7.18215628499996,0],[112.666686585,-7.18227114399997,0],[112.666678903,-7.18228875399996,0],[112.666529795,-7.18263057499996,0],[112.666472746,-7.18274779599994,0],[112.666344338,-7.18301164199994,0],[112.666100686,-7.18319913499994,0],[112.66586284,-7.18328763399995,0],[112.665827975,-7.18330060699998,0],[112.665684694,-7.18342314099993,0],[112.665624904,-7.18353501199994,0],[112.665559706,-7.18365699999993,0],[112.665556549,-7.18366290799997,0],[112.665500773,-7.18364776299995,0],[112.664320729,-7.18332713799998,0],[112.66425943,-7.18328378699994,0],[112.664226617,-7.18327296599995,0],[112.664078429,-7.18337593099994,0],[112.663962569,-7.18335673299993,0],[112.663726465,-7.18330316699996,0],[112.663563662,-7.18328811899994,0],[112.663418628,-7.18329379699998,0],[112.66332538,-7.18331312099997,0],[112.663147879,-7.18342405699997,0],[112.663039559,-7.18338367599995,0],[112.662749481,-7.18324848999993,0],[112.662649687,-7.18321341499995,0],[112.662594778,-7.18314138199997,0],[112.662562629,-7.18321011299997,0],[112.66242693,-7.18313439499997,0],[112.662269222,-7.18302160099995,0],[112.662081242,-7.18298087699998,0],[112.661928973,-7.18313231199994,0],[112.661899616,-7.18314796799996,0],[112.661858201,-7.18315327199997,0],[112.661775367,-7.18316216099993,0],[112.661603229,-7.18359807599995,0],[112.661539268,-7.18366502499993,0],[112.661511999,-7.18368012999997,0],[112.661488625,-7.18367813699996,0],[112.661265642,-7.18359929799993,0],[112.661256494,-7.18360846299993,0],[112.661250353,-7.18362385399996,0],[112.661236609,-7.18364225499994,0],[112.661222846,-7.18365613699996,0],[112.661199853,-7.18365621999993,0],[112.661130647,-7.18363504599995,0],[112.661017899,-7.18426728299994,0],[112.66085943,-7.18501431799996,0],[112.6607692,-7.18537146799997,0],[112.660361404,-7.18524005099994,0],[112.660050108,-7.18514209599994,0],[112.659799405,-7.18503632799997,0],[112.659731887,-7.18500764299995,0],[112.659681989,-7.18491750899994,0],[112.659675177,-7.18491238199994,0],[112.65966323,-7.18491242599993,0],[112.659496491,-7.18498489999996,0],[112.659352033,-7.18504671599993,0],[112.659341134,-7.18504675599996,0],[112.659235694,-7.18495727699997,0],[112.659228901,-7.18495729999995,0],[112.659096988,-7.18510215199996,0],[112.659022119,-7.18520792399994,0],[112.659025,-7.18534360899997,0],[112.659003016,-7.18547802899997,0],[112.658996191,-7.18549007699994,0],[112.658751893,-7.18570964799994,0],[112.658523337,-7.18604957799994,0],[112.658420911,-7.18617389099995,0],[112.658157769,-7.18638467099993,0],[112.658010534,-7.18642190599996,0],[112.657772618,-7.18640441499997,0],[112.657565064,-7.18636023399995,0],[112.657487966,-7.18626305799995,0],[112.657208592,-7.18619789299993,0],[112.656827457,-7.18598691199998,0],[112.656374559,-7.18579110699994,0],[112.655990241,-7.18556675699995,0],[112.655818056,-7.18527004099997,0],[112.655762637,-7.18522205599993,0],[112.655655422,-7.18513755499993,0],[112.65554411,-7.18511616999996,0],[112.655458973,-7.18510779699994,0],[112.654993324,-7.18485472099997,0],[112.654681117,-7.18477222399997,0],[112.65448765,-7.18472130199996,0],[112.654343491,-7.18492839399994,0],[112.653769076,-7.18484186999996,0],[112.653579594,-7.18488070499996,0],[112.653347626,-7.18487738299996,0],[112.653135894,-7.18483339499994,0],[112.652609672,-7.18469597899997,0],[112.652432062,-7.18465340699993,0],[112.652509503,-7.18434973099994,0],[112.652364536,-7.18429158299995,0],[112.652598085,-7.18376223899998,0],[112.652711512,-7.18362441699998,0],[112.653107164,-7.18312206399997,0],[112.653541398,-7.18292649199998,0],[112.653927008,-7.18249694999997,0],[112.654152091,-7.18222791099993,0],[112.654311382,-7.18203568099995,0],[112.654652424,-7.18171035299997,0],[112.654710683,-7.18165617099993,0],[112.654825189,-7.18156933299997,0],[112.655058331,-7.18138225999996,0],[112.655115949,-7.18139841599998,0],[112.655137813,-7.18139562399995,0],[112.655156959,-7.18138461499996,0],[112.655257351,-7.18111105299994,0],[112.655664008,-7.18066046199993,0],[112.656074702,-7.17957169399995,0],[112.656180436,-7.17928943199996,0],[112.656187108,-7.17925559699995,0],[112.656185436,-7.17916501799994,0],[112.656174338,-7.17908939299997,0],[112.656159285,-7.17905563599993,0],[112.656154513,-7.17901605599997,0],[112.656151923,-7.17900168999995,0],[112.656161034,-7.17894081699995,0],[112.656198878,-7.17887721699998,0],[112.656208734,-7.17885719999992,0],[112.656196822,-7.17882514999997,0],[112.656186063,-7.17880168499994,0],[112.65619661,-7.17876638899997,0],[112.656214694,-7.17872998099995,0],[112.656372645,-7.17839473699996,0],[112.656459395,-7.17820945699998,0],[112.656616283,-7.17801407099995,0],[112.656725358,-7.17785049999998,0],[112.656797813,-7.17751077099996,0],[112.656819235,-7.17732410299993,0],[112.656853578,-7.17697402399995,0],[112.656926909,-7.17658764599997,0],[112.656937188,-7.17658082899993,0],[112.656973157,-7.17657726299996,0],[112.657017724,-7.17657710199995,0],[112.657065634,-7.17657177699994,0],[112.6571308,-7.17656982399996,0],[112.657159932,-7.17657487199995,0],[112.657213142,-7.17659004899997,0],[112.65725787,-7.17663436699996,0],[112.657306126,-7.17670425399996,0],[112.657323588,-7.17680508099994,0],[112.657421981,-7.17699113899994,0],[112.657941293,-7.17734626699996,0],[112.658153641,-7.17741673899997,0],[112.658743347,-7.17775000399996,0],[112.65909926,-7.17726569299998,0],[112.659312927,-7.17722658899993,0],[112.659481248,-7.17676654999997,0],[112.659516985,-7.17655415299993,0],[112.659561791,-7.17612592999996,0],[112.659600527,-7.17602001699993,0],[112.659658417,-7.17582299999998,0],[112.659737579,-7.17554282399993,0],[112.659805672,-7.17531846799994,0],[112.659982272,-7.17487738499995,0],[112.659822756,-7.17473846799993,0],[112.659956503,-7.17439507399996,0],[112.659982688,-7.17432784399995,0],[112.660165967,-7.17385727499993,0],[112.660250431,-7.17364041399998,0],[112.660289921,-7.17353902299993,0],[112.659657043,-7.17337677399996,0],[112.659698656,-7.17328893499996,0],[112.65972037,-7.17324454799996,0],[112.65988752,-7.17292473599997,0],[112.6600529,-7.17299100699995,0],[112.660258023,-7.17307320399993,0],[112.66040513,-7.17313215199994,0],[112.660447726,-7.17307967799997,0],[112.660473506,-7.17304791999993,0],[112.660571594,-7.17309002199994,0],[112.660762566,-7.17317199299993,0],[112.660808704,-7.17318915899995,0],[112.660857545,-7.17320733099996,0],[112.660900936,-7.17322347599998,0],[112.66090906,-7.17322998999992,0],[112.661164557,-7.17343487899996,0],[112.661639265,-7.17361338999996,0],[112.661678649,-7.17362820099993,0],[112.662080239,-7.17378016199996,0],[112.662455625,-7.17380872599995,0],[112.662621951,-7.17380157099996,0],[112.662670384,-7.17379948999996,0],[112.66267834,-7.17379914599996,0],[112.662714931,-7.17379757199996,0],[112.662782875,-7.17384780699996,0],[112.662857903,-7.17390327899994,0],[112.662792944,-7.17419387599995,0],[112.662757629,-7.17435186199998,0],[112.662771411,-7.17461818599998,0],[112.662793842,-7.17538018599993,0],[112.662781267,-7.17595823899995,0],[112.662792466,-7.17650396899995,0],[112.662794054,-7.17654174799998,0],[112.662794845,-7.17656057699998,0],[112.662819434,-7.17714591699996,0],[112.662822022,-7.17714669799994,0],[112.662867034,-7.17716027799997,0],[112.663084854,-7.17722598899996,0],[112.663329763,-7.17729973499996,0],[112.663384436,-7.17731617999993,0],[112.663401646,-7.17730644399995,0],[112.66344238,-7.17727845199994,0],[112.663478795,-7.17725363999995,0],[112.663535651,-7.17722450499997,0],[112.663574321,-7.17722436399993,0],[112.663645249,-7.17722627699993,0],[112.663672347,-7.17723236399996,0],[112.663687239,-7.17723570799996,0],[112.663752284,-7.17726214099997,0],[112.663918497,-7.17737409099993,0],[112.664010946,-7.17746022899996,0],[112.664103968,-7.17754690199996,0],[112.66413536,-7.17755709399995,0],[112.664165072,-7.17755698699995,0],[112.664203822,-7.17755773699997,0],[112.664310433,-7.17755980399994,0],[112.66434696,-7.17756563899997,0],[112.664380192,-7.17758920399996,0],[112.664397293,-7.17761119899995,0],[112.664418148,-7.17763757799997,0],[112.664444571,-7.17767099799994,0],[112.664444618,-7.17767105699994,0],[112.664495237,-7.17769584499996,0],[112.66465993,-7.17777649999994,0],[112.664859576,-7.17788302899993,0],[112.664868769,-7.17788793299997,0],[112.664889194,-7.17790006399997,0],[112.664917865,-7.17792165599997,0],[112.664945152,-7.17795274599996,0],[112.664996999,-7.17800408799997,0],[112.665016118,-7.17802707099997,0],[112.665022967,-7.17804196299994,0],[112.665024572,-7.17811382799994,0],[112.665017336,-7.17834103699994,0],[112.665063832,-7.17835795499997,0],[112.665108525,-7.17837153399995,0],[112.665111414,-7.17837206499996,0],[112.665470724,-7.17838952399995,0],[112.665567764,-7.17836782999996,0],[112.66563311,-7.17836445099994,0],[112.665817466,-7.17835492099994,0],[112.66582084,-7.17819731599997,0],[112.666307803,-7.17820712399993,0],[112.666322111,-7.17820741199995,0],[112.66631517,-7.17801212299997,0],[112.666514303,-7.17800862199994,0],[112.666527846,-7.17779570699997,0],[112.666546364,-7.17779794999996,0],[112.666761152,-7.17775938299997,0],[112.666815665,-7.17775401399996,0],[112.666837669,-7.17775184599998,0],[112.667068989,-7.17772906499994,0],[112.667099444,-7.17774847999993,0],[112.668098859,-7.17777540499998,0],[112.668116919,-7.17777098399995,0],[112.668468759,-7.17768485299996,0],[112.668776035,-7.17754830599995,0],[112.669015122,-7.17744205999998,0],[112.669209777,-7.17735555899998,0],[112.669924946,-7.17703775199993,0],[112.670106243,-7.17695718699997,0],[112.670372131,-7.17646367799995,0],[112.670652132,-7.17594397199997,0],[112.671287651,-7.17598302199997,0],[112.671698137,-7.17582572399994,0],[112.671699312,-7.17570761699994,0],[112.671700145,-7.17562386099996,0],[112.671700923,-7.17554557899996,0],[112.671967931,-7.17553769299997,0],[112.673278946,-7.17549897299995,0],[112.674410503,-7.17546555299998,0],[112.674664256,-7.17545805899994,0]]]]}},{"type":"Feature","properties":{"fid":11536,"ori_name":"Karangkiring","kode_kec":"35.25.14","kode_kd":"35.25.14.2018","kode_kk":"35.25","kode_prov":"35","tipe_kd":1,"kecamatan":"Kebomas","kel_desa":"Karangkiring","kab_kota":"Gresik","provinsi":"Jawa Timur","jenis_kd":"Desa","nama":"Desa Karangkiring","label":"Desa Karangkiring, Kecamatan Kebomas, Kabupaten Gresik, Provinsi Jawa Timur, 35.25.14.2018"},"geometry":{"type":"MultiPolygon","coordinates":[[[[112.665556549,-7.18366290799997,0],[112.665534802,-7.18370359699998,0],[112.665334475,-7.18394834999998,0],[112.665324917,-7.18396567999997,0],[112.665299493,-7.18401178099998,0],[112.665263083,-7.18407779999995,0],[112.665256393,-7.18421419199996,0],[112.665256738,-7.18421419099997,0],[112.665357001,-7.18421382599996,0],[112.665363518,-7.18422800699994,0],[112.665381556,-7.18426726099995,0],[112.66539322,-7.18429264399998,0],[112.665398096,-7.18429948999994,0],[112.665472811,-7.18440438999994,0],[112.665566578,-7.18453604099994,0],[112.665875927,-7.18462822099997,0],[112.666395665,-7.18473411299993,0],[112.666429688,-7.18474104499995,0],[112.66647246,-7.18475634699996,0],[112.666652018,-7.18482058399997,0],[112.66690203,-7.18491002599995,0],[112.666926194,-7.18491867099993,0],[112.667120563,-7.18501126799993,0],[112.66711443,-7.18502585299996,0],[112.667024206,-7.18524042399997,0],[112.667020819,-7.18524847899994,0],[112.666921126,-7.18550004499997,0],[112.666880761,-7.18562247099993,0],[112.666875398,-7.18563873599993,0],[112.666871372,-7.18565094699994,0],[112.666924235,-7.18580743399997,0],[112.666951284,-7.18588750499993,0],[112.666865677,-7.18606006999994,0],[112.666787046,-7.18617519199995,0],[112.666810025,-7.18625442299998,0],[112.666845269,-7.18637594199993,0],[112.66684566,-7.18638389799997,0],[112.66684915,-7.18645487699996,0],[112.666853031,-7.18653381299993,0],[112.666755134,-7.18659950999995,0],[112.666723991,-7.18662040899994,0],[112.666573079,-7.18662095799993,0],[112.666478151,-7.18672282599994,0],[112.666465703,-7.18673618399993,0],[112.666497775,-7.18678385299995,0],[112.666537959,-7.18684357899997,0],[112.666446424,-7.18706938699995,0],[112.666432308,-7.18710420999997,0],[112.666409756,-7.18715984399995,0],[112.666303247,-7.18734757999994,0],[112.666266946,-7.18741156599998,0],[112.666263828,-7.18741732499996,0],[112.66616234,-7.18760476599994,0],[112.666138455,-7.18764888099997,0],[112.666153783,-7.18770545799993,0],[112.666167593,-7.18775643399994,0],[112.666305035,-7.18783298999995,0],[112.666398026,-7.18788478599993,0],[112.666503807,-7.18798159599993,0],[112.666585498,-7.18805635799993,0],[112.666578549,-7.18807428599996,0],[112.666529964,-7.18819963099997,0],[112.666521422,-7.18822166799993,0],[112.666419498,-7.18843204299998,0],[112.666371635,-7.18853083299996,0],[112.666335901,-7.18860631499996,0],[112.666249629,-7.18878854799993,0],[112.666221873,-7.18884717599997,0],[112.665819256,-7.18879839899995,0],[112.665772754,-7.18885598499998,0],[112.665746974,-7.18904011199993,0],[112.66563276,-7.18928281699993,0],[112.665490005,-7.18954453499992,0],[112.665461439,-7.18959690599996,0],[112.665461439,-7.18966289099995,0],[112.665461439,-7.18981105699993,0],[112.665475715,-7.19033929799997,0],[112.665461439,-7.19068193999993,0],[112.665361501,-7.19102458299994,0],[112.665361501,-7.19136722499996,0],[112.665347225,-7.19149571599996,0],[112.664861814,-7.19179552799994,0],[112.664587261,-7.19188908599995,0],[112.664538199,-7.19191872899995,0],[112.66437214,-7.19201905799997,0],[112.664371682,-7.19202303599997,0],[112.664342926,-7.19204225599998,0],[112.664032148,-7.19224996899993,0],[112.663915372,-7.19236243999995,0],[112.663840172,-7.19243486699997,0],[112.663673229,-7.19259565499993,0],[112.663395082,-7.19281450799997,0],[112.663209484,-7.19290730699993,0],[112.663210683,-7.19300926599993,0],[112.663211667,-7.19309281199997,0],[112.663213284,-7.19323029599997,0],[112.663213497,-7.19324841799994,0],[112.663104686,-7.19323730399998,0],[112.663069414,-7.19323370199993,0],[112.663031222,-7.19322980099997,0],[112.662698645,-7.19320390899998,0],[112.66226184,-7.19315473599994,0],[112.661668191,-7.19311964499997,0],[112.661210728,-7.19308796199994,0],[112.661142128,-7.19291762799998,0],[112.66112304,-7.19287847499993,0],[112.6597024,-7.18996439299997,0],[112.659802984,-7.18986801999995,0],[112.659777783,-7.18973313899994,0],[112.659702492,-7.18945542099993,0],[112.65916146,-7.18966123999996,0],[112.658993702,-7.18949505299997,0],[112.658691031,-7.18957317199994,0],[112.658585895,-7.18960880999998,0],[112.658538603,-7.18953774299996,0],[112.658454486,-7.18939909799997,0],[112.658403421,-7.18923420799996,0],[112.658424471,-7.18919263599997,0],[112.658442836,-7.18915134399998,0],[112.658421849,-7.18906662299997,0],[112.658392577,-7.18896176799996,0],[112.658384041,-7.18887248099998,0],[112.658365506,-7.18870222699996,0],[112.658350435,-7.18868438199996,0],[112.658305055,-7.18852299499997,0],[112.65822495,-7.18823489799996,0],[112.658205304,-7.18814935599994,0],[112.658172619,-7.18786497499997,0],[112.658144177,-7.18772115499996,0],[112.658128114,-7.18761517199994,0],[112.658172833,-7.18747081399994,0],[112.658163776,-7.18736136899997,0],[112.658146536,-7.18730113099997,0],[112.658147361,-7.18693192199993,0],[112.658136015,-7.18672665499997,0],[112.658157769,-7.18638467099993,0],[112.658420911,-7.18617389099995,0],[112.658523337,-7.18604957799994,0],[112.658751893,-7.18570964799994,0],[112.658996191,-7.18549007699994,0],[112.659003016,-7.18547802899997,0],[112.659025,-7.18534360899997,0],[112.659022119,-7.18520792399994,0],[112.659096988,-7.18510215199996,0],[112.659228901,-7.18495729999995,0],[112.659235694,-7.18495727699997,0],[112.659341134,-7.18504675599996,0],[112.659352033,-7.18504671599993,0],[112.659496491,-7.18498489999996,0],[112.65966323,-7.18491242599993,0],[112.659675177,-7.18491238199994,0],[112.659681989,-7.18491750899994,0],[112.659731887,-7.18500764299995,0],[112.659799405,-7.18503632799997,0],[112.660050108,-7.18514209599994,0],[112.660361404,-7.18524005099994,0],[112.6607692,-7.18537146799997,0],[112.66085943,-7.18501431799996,0],[112.661017899,-7.18426728299994,0],[112.661130647,-7.18363504599995,0],[112.661199853,-7.18365621999993,0],[112.661222846,-7.18365613699996,0],[112.661236609,-7.18364225499994,0],[112.661250353,-7.18362385399996,0],[112.661256494,-7.18360846299993,0],[112.661265642,-7.18359929799993,0],[112.661488625,-7.18367813699996,0],[112.661511999,-7.18368012999997,0],[112.661539268,-7.18366502499993,0],[112.661603229,-7.18359807599995,0],[112.661775367,-7.18316216099993,0],[112.661858201,-7.18315327199997,0],[112.661899616,-7.18314796799996,0],[112.661928973,-7.18313231199994,0],[112.662081242,-7.18298087699998,0],[112.662269222,-7.18302160099995,0],[112.66242693,-7.18313439499997,0],[112.662562629,-7.18321011299997,0],[112.662594778,-7.18314138199997,0],[112.662649687,-7.18321341499995,0],[112.662749481,-7.18324848999993,0],[112.663039559,-7.18338367599995,0],[112.663147879,-7.18342405699997,0],[112.66332538,-7.18331312099997,0],[112.663418628,-7.18329379699998,0],[112.663563662,-7.18328811899994,0],[112.663726465,-7.18330316699996,0],[112.663962569,-7.18335673299993,0],[112.664078429,-7.18337593099994,0],[112.664226617,-7.18327296599995,0],[112.66425943,-7.18328378699994,0],[112.664320729,-7.18332713799998,0],[112.665500773,-7.18364776299995,0],[112.665556549,-7.18366290799997,0]]]]}},{"type":"Feature","properties":{"fid":11683,"ori_name":"Kawis Anyar","kode_kec":"35.25.14","kode_kd":"35.25.14.1011","kode_kk":"35.25","kode_prov":"35","tipe_kd":2,"kecamatan":"Kebomas","kel_desa":"Kawis Anyar","kab_kota":"Gresik","provinsi":"Jawa Timur","jenis_kd":"Kelurahan","nama":"Kelurahan Kawis Anyar","label":"Kelurahan Kawis Anyar, Kecamatan Kebomas, Kabupaten Gresik, Provinsi Jawa Timur, 35.25.14.1011"},"geometry":{"type":"MultiPolygon","coordinates":[[[[112.639982507,-7.16744595199998,0],[112.639988728,-7.16747386499998,0],[112.640004045,-7.16749072399995,0],[112.640014073,-7.16750176199997,0],[112.640014435,-7.16750215999997,0],[112.640025108,-7.16750948499993,0],[112.640033108,-7.16751497399997,0],[112.640052439,-7.16752823999997,0],[112.640147196,-7.16759326499994,0],[112.640419241,-7.16776279799996,0],[112.640444919,-7.16778259499995,0],[112.640498765,-7.16785111099995,0],[112.640521625,-7.16787661299998,0],[112.640562541,-7.16796876399997,0],[112.640577092,-7.16800153499997,0],[112.640580068,-7.16801951399998,0],[112.640573874,-7.16802941999993,0],[112.640555971,-7.16805805399997,0],[112.640531619,-7.16809699999993,0],[112.640517337,-7.16811983999997,0],[112.640517317,-7.16811987199998,0],[112.640458696,-7.16821813099995,0],[112.640444098,-7.16824522799993,0],[112.640442468,-7.16824825199996,0],[112.64039545,-7.16833553299995,0],[112.640392049,-7.16834184499993,0],[112.640385897,-7.16835605099993,0],[112.640353966,-7.16842978199998,0],[112.640322165,-7.16850321099997,0],[112.640320525,-7.16850699799994,0],[112.640318283,-7.16851372499997,0],[112.640219756,-7.16880940099998,0],[112.640219747,-7.16880942899996,0],[112.640179009,-7.16893168099995,0],[112.640145042,-7.16904317199993,0],[112.640100647,-7.16918888899994,0],[112.640097179,-7.16920747699993,0],[112.640091711,-7.16923679099995,0],[112.640090319,-7.16924425299993,0],[112.640118996,-7.16932160099998,0],[112.640152282,-7.16941137299995,0],[112.640200259,-7.16953117899993,0],[112.640238682,-7.16962712999998,0],[112.640262773,-7.16969082699995,0],[112.640296834,-7.16978088699994,0],[112.640336885,-7.16988678299998,0],[112.64023655,-7.17016152399998,0],[112.640218006,-7.17021230199992,0],[112.640219632,-7.17024963299997,0],[112.640301948,-7.17031174099998,0],[112.640320164,-7.17032548399993,0],[112.640442971,-7.17040997899994,0],[112.640516764,-7.17046075099995,0],[112.640592576,-7.17048283199995,0],[112.640704116,-7.17051531899995,0],[112.640715625,-7.17052582599996,0],[112.640785643,-7.17058974699995,0],[112.640827881,-7.17062830599997,0],[112.640867169,-7.17066417499996,0],[112.641838385,-7.17130584199998,0],[112.641870352,-7.17132696199997,0],[112.641870023,-7.17140181799994,0],[112.642017955,-7.17151773099994,0],[112.642031083,-7.17155655699997,0],[112.642060718,-7.17180587599995,0],[112.642055722,-7.17191139599993,0],[112.642007449,-7.17231504299997,0],[112.641925672,-7.17253592199995,0],[112.641873078,-7.17265038199997,0],[112.641742375,-7.17305070699996,0],[112.640998715,-7.17335486299993,0],[112.640983169,-7.17326668399994,0],[112.640943041,-7.17321384999997,0],[112.640861054,-7.17314679199995,0],[112.640697652,-7.17315117399994,0],[112.640601064,-7.17313443099994,0],[112.640529233,-7.17306796999998,0],[112.640484753,-7.17298839199998,0],[112.64036701,-7.17275538799993,0],[112.640335637,-7.17264592999993,0],[112.640327597,-7.17256884499994,0],[112.640309619,-7.17253075699995,0],[112.640328083,-7.17237112699996,0],[112.640358764,-7.17226623899995,0],[112.640399924,-7.17210652799997,0],[112.640443917,-7.17198757999995,0],[112.640462511,-7.17192667099994,0],[112.640515214,-7.17175878299997,0],[112.640515682,-7.17172261999997,0],[112.640513252,-7.17169044399998,0],[112.640469849,-7.17166139899996,0],[112.640317995,-7.17161755299998,0],[112.640164743,-7.17159992899997,0],[112.640102119,-7.17160304599997,0],[112.639938349,-7.17165036799997,0],[112.639875778,-7.17166812999994,0],[112.639844716,-7.17166652299994,0],[112.639673184,-7.17161036299996,0],[112.639407052,-7.17152949599995,0],[112.639317447,-7.17150278399993,0],[112.638892742,-7.17127349699996,0],[112.638836618,-7.17125697199998,0],[112.638649752,-7.17123431599993,0],[112.6383856,-7.17120596599995,0],[112.638217035,-7.17118604499996,0],[112.638118009,-7.17117645399998,0],[112.638029026,-7.17117740499998,0],[112.637987473,-7.17118568799998,0],[112.63794244,-7.17120166999996,0],[112.637905081,-7.17121400699995,0],[112.637869927,-7.17121594099996,0],[112.637806737,-7.17120676399998,0],[112.637755771,-7.17119229999997,0],[112.637708829,-7.17117556199997,0],[112.637654311,-7.17114881599997,0],[112.637601516,-7.17112387199995,0],[112.637564623,-7.17111993499998,0],[112.637528922,-7.17111536099998,0],[112.637438612,-7.17107952199996,0],[112.637308547,-7.17105367799996,0],[112.637114601,-7.17099225999993,0],[112.636943493,-7.17095019899995,0],[112.636809903,-7.17091975599993,0],[112.636723873,-7.17091165499994,0],[112.636638997,-7.17091313299994,0],[112.636561077,-7.17089758999998,0],[112.636525383,-7.17089482399996,0],[112.636489853,-7.17083392699993,0],[112.636321204,-7.17068572199997,0],[112.63609845,-7.17056419799997,0],[112.636019947,-7.17053111899997,0],[112.635844925,-7.17043808199998,0],[112.635809821,-7.17039164899995,0],[112.63561422,-7.17022238399994,0],[112.635421777,-7.17012145399997,0],[112.635454416,-7.16993745499997,0],[112.635350801,-7.16985501399995,0],[112.635393985,-7.16971834899994,0],[112.635268779,-7.16969411399998,0],[112.635211848,-7.16966086699995,0],[112.635084876,-7.16955970399994,0],[112.634627263,-7.16914510899994,0],[112.634412634,-7.16895710699993,0],[112.634282038,-7.16884465599998,0],[112.63430403,-7.16847997599996,0],[112.634396658,-7.16832857999998,0],[112.634470936,-7.16820229299998,0],[112.634597676,-7.16823809399995,0],[112.634795752,-7.16786700099993,0],[112.634618953,-7.16767298899993,0],[112.634657915,-7.16758714599996,0],[112.634692545,-7.16747980299994,0],[112.634731305,-7.16746321099993,0],[112.634842898,-7.16716601599995,0],[112.634960469,-7.16689158099996,0],[112.635105776,-7.16658649099998,0],[112.635199366,-7.16645389599995,0],[112.635303379,-7.16631312799996,0],[112.635584726,-7.16632821999997,0],[112.63577757,-7.16631144099995,0],[112.636031305,-7.16645491399993,0],[112.636608279,-7.16684648199993,0],[112.636950671,-7.16666725599993,0],[112.637568438,-7.16673349199993,0],[112.638269379,-7.16703222299998,0],[112.638406126,-7.16688112099996,0],[112.638984448,-7.16744047199995,0],[112.63958995,-7.16791763699996,0],[112.639982485,-7.16744597799993,0],[112.639982507,-7.16744595199998,0]]]]}},{"type":"Feature","properties":{"fid":11717,"ori_name":"Kebomas","kode_kec":"35.25.14","kode_kd":"35.25.14.1010","kode_kk":"35.25","kode_prov":"35","tipe_kd":2,"kecamatan":"Kebomas","kel_desa":"Kebomas","kab_kota":"Gresik","provinsi":"Jawa Timur","jenis_kd":"Kelurahan","nama":"Kelurahan Kebomas","label":"Kelurahan Kebomas, Kecamatan Kebomas, Kabupaten Gresik, Provinsi Jawa Timur, 35.25.14.1010"},"geometry":{"type":"MultiPolygon","coordinates":[[[[112.638861161,-7.15726547999998,0],[112.639454322,-7.15739259699996,0],[112.639651939,-7.15742912299993,0],[112.639869989,-7.15746942599998,0],[112.640091211,-7.15750596899994,0],[112.640154477,-7.15751532099995,0],[112.640384463,-7.15755472299998,0],[112.640365537,-7.15762138699995,0],[112.640359132,-7.15764394699994,0],[112.640356747,-7.15765234699995,0],[112.640329304,-7.15774900799994,0],[112.640133654,-7.15843814499993,0],[112.640115544,-7.15849827899996,0],[112.639939834,-7.15908171599995,0],[112.639935341,-7.15909663499997,0],[112.640121167,-7.15921808699994,0],[112.640176878,-7.15925449899993,0],[112.640340903,-7.15936170199996,0],[112.640466992,-7.15943560999995,0],[112.640561799,-7.15949118099996,0],[112.640593082,-7.15950951899993,0],[112.640618729,-7.15952035399994,0],[112.640687511,-7.15954941199993,0],[112.640731366,-7.15956793899994,0],[112.640756886,-7.15957871999996,0],[112.640891282,-7.15963549599996,0],[112.64111868,-7.15973156399997,0],[112.641166454,-7.15975174599993,0],[112.641223773,-7.15977544399993,0],[112.641262656,-7.15979151899995,0],[112.641294049,-7.15980449799997,0],[112.641397275,-7.15984717499992,0],[112.641422727,-7.15985769699995,0],[112.641638303,-7.15994682299993,0],[112.641692556,-7.15996891999993,0],[112.641745752,-7.15998990299994,0],[112.641763651,-7.15999696199998,0],[112.64186317,-7.16010355599997,0],[112.641867988,-7.16011948599993,0],[112.641876649,-7.16012866699998,0],[112.64200611,-7.16036982899993,0],[112.642012372,-7.16038834099993,0],[112.641991532,-7.16044780899995,0],[112.641875496,-7.16073218599996,0],[112.641719421,-7.16105195399996,0],[112.641651613,-7.16119088099992,0],[112.641861991,-7.16129762299994,0],[112.641875492,-7.16131529199993,0],[112.641956992,-7.16135632899994,0],[112.641998663,-7.16137731199996,0],[112.642623681,-7.16169201399993,0],[112.642670553,-7.16171561399995,0],[112.642709452,-7.16173519999995,0],[112.643047701,-7.16190551199998,0],[112.643143026,-7.16195350899994,0],[112.643327506,-7.16204639599994,0],[112.643331893,-7.16204860499994,0],[112.643375541,-7.16206291399993,0],[112.643354236,-7.16209169199993,0],[112.643349422,-7.16209819499994,0],[112.643326285,-7.16212944599994,0],[112.643266717,-7.16218220999997,0],[112.643109625,-7.16232135599995,0],[112.64300614,-7.16241301799994,0],[112.642988212,-7.16242889899996,0],[112.642761056,-7.16266123499997,0],[112.642672011,-7.16273506299996,0],[112.642631397,-7.16276873699996,0],[112.642454524,-7.16288129999998,0],[112.642397529,-7.16291757299996,0],[112.642373687,-7.16293274699996,0],[112.642259247,-7.16307092699998,0],[112.64212711,-7.16323048099997,0],[112.642098032,-7.16326558999998,0],[112.642095196,-7.16326901399998,0],[112.642036093,-7.16334037999997,0],[112.642028678,-7.16334933299993,0],[112.642011338,-7.16337026899993,0],[112.64198196,-7.16340574299994,0],[112.641892683,-7.16351353999994,0],[112.641883969,-7.16352406299995,0],[112.641875593,-7.16353417699997,0],[112.641841002,-7.16355320099996,0],[112.641810685,-7.16356987399996,0],[112.641754149,-7.16360096699998,0],[112.64175362,-7.16360140599994,0],[112.641708606,-7.16363877499998,0],[112.641702196,-7.16364409499994,0],[112.641688128,-7.16365118399995,0],[112.641684836,-7.16365284399996,0],[112.641674911,-7.16365784599998,0],[112.641643568,-7.16367363999996,0],[112.641640933,-7.16367496699996,0],[112.641633302,-7.16367881199994,0],[112.641632397,-7.16367926799995,0],[112.641623598,-7.16368370199996,0],[112.641600147,-7.16369551999998,0],[112.64159362,-7.16369880799994,0],[112.641591321,-7.16369995999997,0],[112.641584746,-7.16370322899996,0],[112.641580456,-7.16370536199997,0],[112.641570798,-7.16371016499994,0],[112.641549246,-7.16372087999997,0],[112.641548209,-7.16372139399994,0],[112.641519246,-7.16373579599997,0],[112.641495225,-7.16374773999996,0],[112.641441843,-7.16377428299995,0],[112.641405907,-7.16379214899996,0],[112.641367298,-7.16380025999996,0],[112.641274542,-7.16381974099994,0],[112.641195238,-7.16381324299994,0],[112.641172666,-7.16382688399995,0],[112.641068719,-7.16392227099993,0],[112.641056377,-7.16393106499993,0],[112.640968443,-7.16399372399997,0],[112.640906017,-7.16403820799997,0],[112.640797533,-7.16411769899997,0],[112.640677752,-7.16419044799994,0],[112.640441649,-7.16430149399997,0],[112.640395672,-7.16434654599993,0],[112.640323334,-7.16441742599994,0],[112.640265018,-7.16447456599997,0],[112.640179591,-7.16455827199997,0],[112.640004162,-7.16473016499998,0],[112.640003917,-7.16473040599993,0],[112.639954983,-7.16477835499995,0],[112.639843075,-7.16488800699994,0],[112.639814003,-7.16491649499994,0],[112.639884565,-7.16500438699995,0],[112.639748891,-7.16507954499997,0],[112.639783052,-7.16513366499993,0],[112.639819379,-7.16516743899996,0],[112.63987608,-7.16517853499994,0],[112.639933139,-7.16528969599995,0],[112.639935816,-7.16529490899995,0],[112.640006675,-7.16543295399993,0],[112.64001027,-7.16543995799998,0],[112.64000671,-7.16544265899995,0],[112.639932215,-7.16549914499996,0],[112.639577326,-7.16576823599996,0],[112.639348177,-7.16594198599995,0],[112.639391907,-7.16595828399994,0],[112.639607682,-7.16604355199996,0],[112.639690418,-7.16607624599993,0],[112.63993129,-7.16617143199994,0],[112.639912457,-7.16620935399993,0],[112.639878704,-7.16627731899996,0],[112.63981199,-7.16641165099998,0],[112.639806029,-7.16642365499996,0],[112.63980906,-7.16643666399995,0],[112.639795272,-7.16645579699997,0],[112.639753472,-7.16651380599995,0],[112.639621275,-7.16669725599996,0],[112.639565437,-7.16677474199997,0],[112.639565111,-7.16677519399997,0],[112.639711935,-7.16691794699994,0],[112.639969495,-7.16716836499995,0],[112.639978498,-7.16720169299998,0],[112.639977601,-7.16728648099996,0],[112.63997621,-7.16741794899997,0],[112.639982507,-7.16744595199998,0],[112.639982485,-7.16744597799993,0],[112.63958995,-7.16791763699996,0],[112.638984448,-7.16744047199995,0],[112.638406126,-7.16688112099996,0],[112.638269379,-7.16703222299998,0],[112.637568438,-7.16673349199993,0],[112.636950671,-7.16666725599993,0],[112.636608279,-7.16684648199993,0],[112.636031305,-7.16645491399993,0],[112.63577757,-7.16631144099995,0],[112.635584726,-7.16632821999997,0],[112.635303379,-7.16631312799996,0],[112.635199366,-7.16645389599995,0],[112.635105776,-7.16658649099998,0],[112.634960469,-7.16689158099996,0],[112.634842898,-7.16716601599995,0],[112.634731305,-7.16746321099993,0],[112.634692545,-7.16747980299994,0],[112.633979952,-7.16699080599994,0],[112.633565471,-7.16665389399998,0],[112.633221478,-7.16644700499995,0],[112.632727105,-7.16608515499996,0],[112.632584889,-7.16629458299997,0],[112.632513041,-7.16645349899994,0],[112.632476857,-7.16652269699995,0],[112.632384882,-7.16668991199998,0],[112.632254225,-7.16689595499997,0],[112.632177021,-7.16701845699993,0],[112.630826265,-7.16645794999994,0],[112.630458016,-7.16629453699994,0],[112.630386706,-7.16645797099994,0],[112.630232871,-7.16688540899997,0],[112.629376687,-7.16644871499994,0],[112.629125526,-7.16614738099997,0],[112.629030217,-7.16606969999998,0],[112.629137842,-7.16578933399995,0],[112.629315947,-7.16536397999994,0],[112.629518786,-7.16519791099995,0],[112.629562322,-7.16518030899994,0],[112.629634247,-7.16529495799995,0],[112.629716444,-7.16535903599993,0],[112.62984755,-7.16544734799993,0],[112.630113006,-7.16554910699995,0],[112.63014609,-7.16553163299994,0],[112.630244945,-7.16536764899996,0],[112.630367902,-7.16513749399996,0],[112.630430171,-7.16499280599993,0],[112.630435131,-7.16493908799993,0],[112.630452067,-7.16481020099997,0],[112.63049515,-7.16466558099995,0],[112.630535004,-7.16457837999997,0],[112.630445901,-7.16454569999996,0],[112.630530889,-7.16440789099994,0],[112.630669211,-7.16398502899995,0],[112.630901279,-7.16341013499994,0],[112.631074219,-7.16298136399996,0],[112.6312167,-7.16284678899996,0],[112.63128956,-7.16265731299995,0],[112.631519758,-7.16214471699993,0],[112.631594012,-7.16188571399994,0],[112.631716411,-7.16147800499994,0],[112.631893573,-7.16112434599995,0],[112.632123906,-7.16067096199993,0],[112.632352728,-7.16017066299997,0],[112.632428727,-7.15996155899995,0],[112.632497349,-7.15965149799996,0],[112.632588712,-7.15931233599997,0],[112.632605907,-7.15925658599997,0],[112.632659664,-7.15915369499993,0],[112.632682172,-7.15912233599994,0],[112.632706465,-7.15908916099994,0],[112.632893937,-7.15884304699995,0],[112.633000184,-7.15867957999995,0],[112.633085001,-7.15849947499993,0],[112.633192304,-7.15827162399995,0],[112.633301441,-7.15806059399995,0],[112.633381446,-7.15792849999997,0],[112.633618948,-7.15751857499993,0],[112.633742805,-7.15735341799996,0],[112.633892141,-7.15715273299998,0],[112.63399803,-7.15701485099993,0],[112.63409606,-7.15666174299997,0],[112.634119994,-7.15652767999995,0],[112.634157751,-7.15635523399993,0],[112.634202531,-7.15620536399996,0],[112.634237115,-7.15610606799993,0],[112.634315328,-7.15597406999996,0],[112.634382975,-7.15587284699996,0],[112.634452223,-7.15571773799996,0],[112.634464025,-7.15561499699993,0],[112.634521537,-7.15564453599995,0],[112.634817873,-7.15578560899996,0],[112.634980468,-7.15586301299993,0],[112.635391394,-7.15605863599995,0],[112.63547,-7.15609605699996,0],[112.6355174,-7.15611862199995,0],[112.635702286,-7.15620663699997,0],[112.636268389,-7.15641005699996,0],[112.636295599,-7.15641983699993,0],[112.636482049,-7.15648683199993,0],[112.636786966,-7.15656706499993,0],[112.637112251,-7.15665265399997,0],[112.637121454,-7.15665593999995,0],[112.637259518,-7.15670524399997,0],[112.637285835,-7.15671464099995,0],[112.637412666,-7.15675992999996,0],[112.637489741,-7.15678745299994,0],[112.637489801,-7.15678747399994,0],[112.637956182,-7.15695060999997,0],[112.638157934,-7.15702118299993,0],[112.638329648,-7.15708124699995,0],[112.638521192,-7.15714824499997,0],[112.6386594,-7.15719658899997,0],[112.638689546,-7.15720713499996,0],[112.638718732,-7.15721734299996,0],[112.638792212,-7.15724304499997,0],[112.63881138,-7.15724975199993,0],[112.638816068,-7.15725138899995,0],[112.638822664,-7.15725369599994,0],[112.638845964,-7.15726184699997,0],[112.638848137,-7.15726260699995,0],[112.638854675,-7.15726408599994,0],[112.638855053,-7.15726416999996,0],[112.63885533,-7.15726423199993,0],[112.638859177,-7.15726505499993,0],[112.638859905,-7.15726521099998,0],[112.638861161,-7.15726547999998,0]]]]}},{"type":"Feature","properties":{"fid":11785,"ori_name":"Kedayang","kode_kec":"35.25.14","kode_kd":"35.25.14.2003","kode_kk":"35.25","kode_prov":"35","tipe_kd":1,"kecamatan":"Kebomas","kel_desa":"Kedayang","kab_kota":"Gresik","provinsi":"Jawa Timur","jenis_kd":"Desa","nama":"Desa Kedayang","label":"Desa Kedayang, Kecamatan Kebomas, Kabupaten Gresik, Provinsi Jawa Timur, 35.25.14.2003"},"geometry":{"type":"MultiPolygon","coordinates":[[[[112.614048864,-7.17950419099998,0],[112.614334854,-7.17958337499994,0],[112.614672178,-7.17967575799997,0],[112.615044954,-7.17968113799998,0],[112.615274528,-7.17968267799995,0],[112.615832084,-7.17956264599997,0],[112.616816329,-7.17955700999994,0],[112.617135531,-7.17954919499994,0],[112.617879028,-7.17952767899993,0],[112.618068865,-7.17931274899996,0],[112.61834109,-7.17948997899992,0],[112.619055375,-7.17996886799995,0],[112.619496421,-7.18025832499995,0],[112.620186966,-7.18069435299998,0],[112.620195136,-7.18070363599998,0],[112.620086378,-7.18106636399995,0],[112.620008684,-7.18126299899996,0],[112.619908732,-7.18151965099997,0],[112.619807364,-7.18165037299997,0],[112.619795206,-7.18169570899994,0],[112.619700278,-7.18216940599996,0],[112.619685769,-7.18235207599997,0],[112.619660145,-7.18249491799997,0],[112.619580106,-7.18280926699993,0],[112.619373254,-7.18351109099996,0],[112.61931489,-7.18372682299997,0],[112.619290769,-7.18391495199995,0],[112.619256983,-7.18409325899995,0],[112.619224305,-7.18418396099997,0],[112.619156059,-7.18432830999996,0],[112.619072896,-7.18460406599996,0],[112.618969649,-7.18498467599994,0],[112.61892705,-7.18499305299997,0],[112.618898174,-7.18499731399993,0],[112.618855958,-7.18511408499995,0],[112.618835571,-7.18517599499995,0],[112.618648683,-7.18567596299994,0],[112.618598522,-7.18586834199994,0],[112.618507713,-7.18628290199996,0],[112.618466793,-7.18638601599997,0],[112.618260323,-7.18633177799995,0],[112.618011186,-7.18628736399995,0],[112.617813016,-7.18625786799993,0],[112.6175945,-7.18621750599993,0],[112.617473463,-7.18621250799993,0],[112.617106099,-7.18617673699993,0],[112.617088256,-7.18617679999994,0],[112.617081413,-7.18620557299994,0],[112.617079314,-7.18637174599996,0],[112.617042339,-7.18642946399996,0],[112.61696567,-7.18651489699994,0],[112.616912747,-7.18656001499994,0],[112.616826305,-7.18662613499993,0],[112.616764634,-7.18668818999993,0],[112.616715442,-7.18677479099995,0],[112.616654115,-7.18693430099995,0],[112.616618757,-7.18704833699996,0],[112.616601274,-7.18714992399993,0],[112.616578644,-7.18740105899997,0],[112.616569295,-7.18748073899997,0],[112.616554193,-7.18749588999998,0],[112.616526744,-7.18750285799996,0],[112.616464863,-7.18750578799995,0],[112.616354801,-7.18750075399993,0],[112.616233724,-7.18748463499998,0],[112.615704887,-7.18728335999998,0],[112.615654268,-7.18736725199994,0],[112.615576599,-7.18750783499996,0],[112.61554836,-7.18769326599994,0],[112.615358617,-7.18808376299995,0],[112.615189031,-7.18841090499996,0],[112.615081792,-7.18880382399993,0],[112.614469905,-7.18844634799996,0],[112.614364035,-7.18846597499993,0],[112.614178756,-7.18849284499993,0],[112.614048596,-7.18863198599996,0],[112.614011674,-7.18870489199998,0],[112.61404212,-7.18874320699996,0],[112.61394924,-7.18893157899993,0],[112.613638622,-7.18946922799995,0],[112.613289927,-7.19009199399994,0],[112.613172694,-7.19038206599993,0],[112.612950049,-7.19090702099993,0],[112.612760912,-7.19121633199995,0],[112.612693954,-7.19132496399993,0],[112.612685822,-7.19136892899996,0],[112.61270518,-7.19139634499993,0],[112.612794705,-7.19144132299994,0],[112.612856577,-7.19143559099996,0],[112.612952889,-7.19143660899994,0],[112.613183195,-7.19160187299997,0],[112.613493019,-7.19183212999997,0],[112.613884532,-7.19208749999996,0],[112.614378728,-7.19239277599996,0],[112.614396767,-7.19242706699993,0],[112.61438896,-7.19256297399994,0],[112.61425796,-7.19284486999993,0],[112.61421112,-7.19294230899993,0],[112.614006775,-7.19351131799993,0],[112.613997528,-7.19361974699996,0],[112.613957876,-7.19406187899995,0],[112.614039273,-7.19413020999997,0],[112.614418429,-7.19439520799995,0],[112.614423139,-7.19441824499995,0],[112.614250403,-7.19495287999996,0],[112.614237803,-7.19502126999993,0],[112.6142016,-7.19565694799996,0],[112.614130678,-7.19622792799993,0],[112.614108755,-7.19625684399995,0],[112.61406214,-7.19629136299994,0],[112.613995013,-7.19643670199997,0],[112.613986964,-7.19650399199998,0],[112.613997701,-7.19681693599995,0],[112.613986031,-7.19702147399994,0],[112.613976799,-7.19715566899993,0],[112.613986818,-7.19726547599993,0],[112.61400778,-7.19734504899998,0],[112.614072871,-7.19746831399993,0],[112.614184989,-7.19767386199993,0],[112.614234773,-7.19775468999995,0],[112.614265803,-7.19778857299997,0],[112.614320913,-7.19781314999994,0],[112.614381471,-7.19781564799996,0],[112.614563028,-7.19781229699993,0],[112.614688175,-7.19781728099997,0],[112.614722588,-7.19781580099993,0],[112.614797644,-7.19803377499994,0],[112.614800561,-7.19809831399994,0],[112.614792513,-7.19814499299997,0],[112.61470889,-7.19822764699995,0],[112.614623886,-7.19830072499997,0],[112.614573207,-7.19836816299994,0],[112.614561036,-7.19843103799997,0],[112.614593029,-7.19854763799998,0],[112.614627641,-7.19860239199994,0],[112.614627694,-7.19861748999995,0],[112.614592064,-7.19865468199993,0],[112.614545368,-7.19866587599995,0],[112.614499999,-7.19867290699995,0],[112.614454626,-7.19867858199996,0],[112.614434019,-7.19869917599993,0],[112.614262081,-7.19908002899996,0],[112.614219085,-7.19916624699994,0],[112.614144033,-7.19924543499997,0],[112.613982664,-7.19940574999993,0],[112.613896184,-7.19946246799998,0],[112.613664786,-7.19953850099995,0],[112.613495423,-7.19957101199998,0],[112.613315645,-7.19984602599993,0],[112.613225947,-7.19994271499996,0],[112.613234341,-7.20001528099993,0],[112.613247667,-7.20017308299998,0],[112.61306891,-7.20039945399998,0],[112.612989763,-7.20048209299995,0],[112.612934175,-7.20055479399997,0],[112.612853319,-7.20072928899998,0],[112.612680368,-7.20072119499997,0],[112.612500943,-7.20071154099998,0],[112.612240108,-7.20073903299993,0],[112.612082232,-7.20075501899993,0],[112.61185837,-7.20080038199995,0],[112.611570206,-7.20088069699995,0],[112.61138501,-7.20093792599994,0],[112.611170388,-7.20104861899995,0],[112.611119475,-7.20108098399993,0],[112.610992591,-7.20116164299998,0],[112.610828681,-7.20126583799993,0],[112.610438832,-7.20152244399998,0],[112.610132518,-7.20168515899996,0],[112.610122057,-7.20169071599997,0],[112.610023847,-7.20173889399996,0],[112.609926695,-7.20178655299998,0],[112.609865196,-7.20187163199995,0],[112.609822683,-7.20204258499996,0],[112.609835022,-7.20220212599997,0],[112.609892401,-7.20231043299998,0],[112.609997327,-7.20250848599994,0],[112.610008882,-7.20253029699995,0],[112.610279925,-7.20280060299996,0],[112.610564599,-7.20304190499996,0],[112.610868523,-7.20320823399993,0],[112.611176082,-7.20336770399996,0],[112.611495949,-7.20356398799993,0],[112.611652663,-7.20368770799996,0],[112.611791225,-7.20379709799994,0],[112.612049897,-7.20406684699998,0],[112.612307981,-7.20431242399997,0],[112.612517169,-7.20461918999996,0],[112.612664864,-7.20496278599995,0],[112.612729139,-7.20515160299993,0],[112.61275443,-7.20523398399996,0],[112.612774503,-7.20531250999994,0],[112.612785347,-7.20537515299998,0],[112.612794332,-7.20545853999994,0],[112.612796858,-7.20549035399995,0],[112.61280714,-7.20553082099997,0],[112.612812914,-7.20566147199997,0],[112.612809894,-7.20576322199997,0],[112.612792897,-7.20587225399993,0],[112.612753276,-7.20599968999994,0],[112.612716419,-7.20609046899995,0],[112.612673246,-7.20616969899993,0],[112.6125988,-7.20628038199993,0],[112.612548295,-7.20633408099997,0],[112.612473348,-7.20643945999996,0],[112.612380597,-7.20656177999996,0],[112.612306612,-7.20666619099995,0],[112.612221508,-7.20676630199995,0],[112.61215564,-7.20684512999998,0],[112.61208012,-7.20692447299996,0],[112.612043529,-7.20695401499995,0],[112.612015635,-7.20698497399997,0],[112.611969973,-7.20704299499994,0],[112.61190693,-7.20710107999997,0],[112.611808767,-7.20719496799995,0],[112.611724052,-7.20726855899994,0],[112.611634012,-7.20733879199997,0],[112.611566591,-7.20738772999994,0],[112.611457718,-7.20745658299995,0],[112.611407609,-7.20748617199996,0],[112.611318448,-7.20753132999994,0],[112.611219685,-7.20759243199996,0],[112.611162806,-7.20761867099998,0],[112.61108476,-7.20766668099998,0],[112.61101253,-7.20772142299995,0],[112.610924362,-7.20777477299993,0],[112.610770148,-7.20785632199994,0],[112.610560892,-7.20793710199996,0],[112.610533485,-7.20794383599997,0],[112.610341883,-7.20799091299995,0],[112.610151886,-7.20802145999994,0],[112.609953385,-7.20800383599993,0],[112.609839266,-7.20795505599995,0],[112.60973721,-7.20790333899993,0],[112.609674232,-7.20784376999995,0],[112.609634959,-7.20779665499998,0],[112.609600489,-7.20774277299995,0],[112.609578587,-7.20769318599997,0],[112.609553759,-7.20763541099996,0],[112.609522599,-7.20755036299994,0],[112.609499042,-7.20744231599997,0],[112.609472203,-7.20732777299997,0],[112.609447925,-7.20714167399996,0],[112.609449085,-7.20710323299994,0],[112.60944913,-7.20710175099993,0],[112.609445351,-7.20705728299993,0],[112.609437524,-7.20703211899996,0],[112.609427038,-7.20699840199995,0],[112.60941092,-7.20694638299994,0],[112.609393253,-7.20689684899997,0],[112.609364973,-7.20681756199997,0],[112.609346216,-7.20676214899993,0],[112.609328609,-7.20669820199993,0],[112.609310204,-7.20661292099993,0],[112.609300898,-7.20654134999995,0],[112.609293739,-7.20646249899994,0],[112.609286365,-7.20632224999997,0],[112.609289205,-7.20610091999993,0],[112.609329512,-7.20592755399997,0],[112.609335713,-7.20590005499997,0],[112.609370156,-7.20574731699998,0],[112.60938894,-7.20567474499995,0],[112.60940838,-7.20559963599993,0],[112.609408149,-7.20553418099996,0],[112.609420104,-7.20543287999993,0],[112.609446678,-7.20536986199994,0],[112.609445032,-7.20531381399996,0],[112.60943801,-7.20498848799997,0],[112.609430419,-7.20484450299995,0],[112.609385476,-7.20469317599998,0],[112.609380255,-7.20467559599996,0],[112.609367786,-7.20460813499994,0],[112.609339814,-7.20452593999994,0],[112.609275894,-7.20432027399994,0],[112.60916779,-7.20401842399997,0],[112.609074472,-7.20384323799993,0],[112.608967655,-7.20367388899996,0],[112.608746521,-7.20339821499994,0],[112.608714632,-7.20336891299996,0],[112.608698583,-7.20333642499997,0],[112.608656799,-7.20329570499996,0],[112.608577988,-7.20322617299996,0],[112.608480385,-7.20314005999995,0],[112.608370428,-7.20304300199996,0],[112.608323249,-7.20302058899995,0],[112.608212138,-7.20291104199993,0],[112.608089027,-7.20276725099995,0],[112.608077684,-7.20275400299994,0],[112.608025964,-7.20269117899994,0],[112.608009912,-7.20263699699996,0],[112.608004464,-7.20261860599993,0],[112.607996507,-7.20255305899997,0],[112.60799483,-7.20244248499995,0],[112.607987381,-7.20233771699998,0],[112.607812927,-7.20233832999998,0],[112.607623725,-7.20235571099994,0],[112.607338116,-7.20241714599996,0],[112.607115089,-7.20251758099994,0],[112.606888571,-7.20272410599995,0],[112.606681714,-7.20302892999996,0],[112.606512362,-7.20338183899997,0],[112.606406605,-7.20369594699997,0],[112.606305476,-7.20404475999993,0],[112.60625414,-7.20426069599995,0],[112.606278891,-7.20446462299998,0],[112.606321945,-7.20454950399994,0],[112.606376749,-7.20465754899993,0],[112.606450591,-7.20481707599993,0],[112.606568229,-7.20493396799998,0],[112.606655796,-7.20510129499996,0],[112.606679325,-7.20528255799996,0],[112.60666545,-7.20545757399998,0],[112.606590939,-7.20574919099994,0],[112.606489749,-7.20604671299998,0],[112.606414225,-7.20626642499997,0],[112.60633249,-7.20645567899993,0],[112.606246082,-7.20661751999995,0],[112.606141556,-7.20683428499996,0],[112.605986803,-7.20708780099994,0],[112.605856243,-7.20727875099993,0],[112.605727088,-7.20743464499998,0],[112.605602289,-7.20752804399996,0],[112.605436648,-7.20762875199995,0],[112.605242984,-7.20765900599997,0],[112.605089747,-7.20765247199995,0],[112.604932464,-7.20759387699997,0],[112.60480474,-7.20752039099995,0],[112.604736678,-7.20743885699994,0],[112.604660856,-7.20734802699997,0],[112.604568442,-7.20714383299998,0],[112.604445972,-7.20673344399995,0],[112.604306176,-7.20633854499994,0],[112.604282826,-7.20597019299993,0],[112.604248119,-7.20575582099997,0],[112.604193003,-7.20559562199998,0],[112.604087369,-7.20531450099998,0],[112.604240093,-7.20528167199996,0],[112.604349504,-7.20522740599995,0],[112.604405038,-7.20515985799994,0],[112.604403144,-7.20504604599995,0],[112.604393842,-7.20496968399993,0],[112.604380244,-7.20494577399995,0],[112.604342596,-7.20489789999993,0],[112.604279266,-7.20482923299994,0],[112.604271706,-7.20480231899995,0],[112.604474458,-7.20437037099992,0],[112.604513236,-7.20429384399995,0],[112.604547588,-7.20423233599996,0],[112.604826826,-7.20383140099995,0],[112.605040712,-7.20355075399993,0],[112.605106453,-7.20345613999996,0],[112.605130251,-7.20338716699996,0],[112.605167045,-7.20319230399997,0],[112.605205167,-7.20288686999993,0],[112.605233123,-7.20272657299995,0],[112.605265038,-7.20239684199993,0],[112.605418806,-7.20209109099994,0],[112.605539513,-7.20183147599994,0],[112.605699023,-7.20150174599996,0],[112.605754105,-7.20136974099995,0],[112.605755468,-7.20133230999994,0],[112.605623232,-7.20128639599994,0],[112.605261103,-7.20117230799997,0],[112.605062695,-7.20109805699997,0],[112.604812284,-7.20101286899995,0],[112.604612387,-7.20094025099996,0],[112.604438009,-7.20088390799998,0],[112.604302718,-7.20081847599994,0],[112.604141868,-7.20074563099996,0],[112.603871648,-7.20067443299996,0],[112.603733477,-7.20063893499997,0],[112.603605848,-7.20062889499997,0],[112.603305744,-7.20065842499997,0],[112.603158623,-7.20064691599993,0],[112.602966272,-7.20059669199998,0],[112.602850552,-7.20055514999996,0],[112.602841488,-7.20052525599993,0],[112.60285326,-7.20047576299993,0],[112.602917393,-7.20034824699997,0],[112.602977271,-7.20022101699993,0],[112.60300853,-7.20015048299996,0],[112.603012758,-7.20007859299994,0],[112.603003182,-7.19990332999993,0],[112.602989475,-7.19984796099993,0],[112.602924508,-7.19978065299995,0],[112.602884865,-7.19973839299996,0],[112.60274769,-7.19960398599994,0],[112.602574937,-7.19954284399995,0],[112.602369647,-7.19948597399997,0],[112.602056768,-7.19949168099993,0],[112.601853248,-7.19949239299996,0],[112.60182284,-7.19948635199995,0],[112.601803097,-7.19947737999996,0],[112.601789292,-7.19943647699995,0],[112.60185027,-7.19906957399996,0],[112.601845606,-7.19903776799993,0],[112.601813285,-7.19897622399998,0],[112.601814587,-7.19892161399997,0],[112.602009122,-7.19836050699996,0],[112.602046746,-7.19825279299994,0],[112.60206795,-7.19823147199997,0],[112.602349436,-7.19793955999995,0],[112.602346322,-7.19792438399998,0],[112.602318907,-7.19789871299997,0],[112.602076823,-7.19773899999996,0],[112.602049471,-7.19773150099996,0],[112.601951065,-7.19772976799993,0],[112.601030842,-7.19780268899996,0],[112.600980767,-7.19780892099993,0],[112.600956481,-7.19782410499994,0],[112.600833632,-7.19804855999996,0],[112.600804883,-7.19808961399997,0],[112.600770186,-7.19815943899994,0],[112.600768816,-7.19819424999997,0],[112.600784613,-7.19837753799993,0],[112.600798899,-7.19853361899993,0],[112.600768929,-7.19852468499994,0],[112.600505994,-7.19844396599996,0],[112.600336935,-7.19839293699994,0],[112.600305223,-7.19837677299995,0],[112.600238976,-7.19837022399997,0],[112.599831364,-7.19829344799996,0],[112.599747865,-7.19828515099994,0],[112.599733435,-7.19827941599993,0],[112.599752934,-7.19809085299994,0],[112.599752859,-7.19806978899993,0],[112.599738402,-7.19805636699994,0],[112.599430252,-7.19800482699998,0],[112.59939662,-7.19799536199997,0],[112.599234519,-7.19792721899995,0],[112.599125064,-7.19790463799995,0],[112.599073195,-7.19788854699993,0],[112.599060698,-7.19788090799995,0],[112.599052956,-7.19786565399994,0],[112.599052829,-7.19782922099995,0],[112.599102741,-7.19754209699994,0],[112.599112157,-7.19748076999997,0],[112.599235082,-7.19717133299997,0],[112.599295077,-7.19703424699998,0],[112.599392982,-7.19689259999996,0],[112.59947328,-7.19679757399996,0],[112.599521081,-7.19676006999993,0],[112.599732684,-7.19661576699997,0],[112.599768035,-7.19658400199995,0],[112.599773703,-7.19656101799995,0],[112.599781314,-7.19653802699997,0],[112.599773225,-7.19648833299993,0],[112.599737226,-7.19633530999994,0],[112.599726324,-7.19622812599994,0],[112.599726253,-7.19620805599993,0],[112.599760679,-7.19612485399995,0],[112.59990334,-7.19573777799997,0],[112.599988197,-7.19551589699995,0],[112.600045615,-7.19534708799995,0],[112.600067958,-7.19530994499996,0],[112.600255838,-7.19512901699994,0],[112.600299276,-7.19506106099993,0],[112.60033962,-7.19500504899997,0],[112.600354755,-7.19493529299996,0],[112.600357151,-7.19483068499994,0],[112.600332213,-7.19472373099995,0],[112.600316401,-7.19464287299996,0],[112.600286093,-7.19455871999997,0],[112.600164757,-7.19444812599994,0],[112.600023978,-7.19434898999998,0],[112.600001853,-7.19434201599995,0],[112.599939175,-7.19435199899993,0],[112.599793543,-7.19438152899994,0],[112.599580923,-7.19438380699995,0],[112.599485497,-7.19438061499994,0],[112.599392846,-7.19440200299994,0],[112.599261379,-7.19444657999998,0],[112.599215534,-7.19446699099996,0],[112.599151483,-7.19457561199994,0],[112.599082113,-7.19470007199993,0],[112.599060108,-7.19472663799996,0],[112.599042497,-7.19472932299993,0],[112.599020398,-7.19472939799994,0],[112.598906927,-7.19469001599998,0],[112.598808759,-7.19464976799998,0],[112.598798869,-7.19464668999996,0],[112.59877,-7.19467999999995,0],[112.598700998,-7.19471892499996,0],[112.598657934,-7.19477360699995,0],[112.598414812,-7.19506330299993,0],[112.598313055,-7.19525667499994,0],[112.598260086,-7.19541714999997,0],[112.598191957,-7.19564032999995,0],[112.597802279,-7.19558880199997,0],[112.597784595,-7.19559148599996,0],[112.597692047,-7.19564288799995,0],[112.59740142,-7.19560611199995,0],[112.597311266,-7.19559503599993,0],[112.597297183,-7.19560294999997,0],[112.597223497,-7.19575300999998,0],[112.596956744,-7.19566922999996,0],[112.596733865,-7.19559948999995,0],[112.596767916,-7.19538709799997,0],[112.596783525,-7.19530332699998,0],[112.596816458,-7.19513496599996,0],[112.596820014,-7.19512699799998,0],[112.596824391,-7.19511902799997,0],[112.596834069,-7.19511103799994,0],[112.59685255,-7.19510129999998,0],[112.596876404,-7.19509063999993,0],[112.596891395,-7.19508615699993,0],[112.596901975,-7.19507997399995,0],[112.596915136,-7.19506500899996,0],[112.596929146,-7.19503584999995,0],[112.596935353,-7.19499622999996,0],[112.596918098,-7.19463068799996,0],[112.596899822,-7.19418667599996,0],[112.596897088,-7.19417348799993,0],[112.596888245,-7.19416375299994,0],[112.596702997,-7.19415861499994,0],[112.596589933,-7.19415014699996,0],[112.596350533,-7.19413778399996,0],[112.596307247,-7.19414236299997,0],[112.596284346,-7.19414768699994,0],[112.596267674,-7.19418390699997,0],[112.596223953,-7.19436369699997,0],[112.596165793,-7.19464054299993,0],[112.59614049,-7.19477099699998,0],[112.596129082,-7.19479653199994,0],[112.596112304,-7.19480282899997,0],[112.596045206,-7.19480830499998,0],[112.596000172,-7.19480403199998,0],[112.59589226,-7.19477448599997,0],[112.595752965,-7.19473727199994,0],[112.595472766,-7.19467215899994,0],[112.595471771,-7.19464395599994,0],[112.595472165,-7.19450029899997,0],[112.595468477,-7.19447038699997,0],[112.595421992,-7.19443547099996,0],[112.595348614,-7.19439603899997,0],[112.595268855,-7.19432579999994,0],[112.595237752,-7.19426958499997,0],[112.595237649,-7.19424047399997,0],[112.595248096,-7.19419640999996,0],[112.59528591,-7.19407839099995,0],[112.595364631,-7.19385164699997,0],[112.59539536,-7.19369305699996,0],[112.59540243,-7.19368688499998,0],[112.595542126,-7.19373214399997,0],[112.595751679,-7.19355692999994,0],[112.595838557,-7.19337870799995,0],[112.595950877,-7.19323863999995,0],[112.595963092,-7.19308038499997,0],[112.595993511,-7.19300442799994,0],[112.59600806,-7.19295899399998,0],[112.595982043,-7.19275630299995,0],[112.595969292,-7.19271855699998,0],[112.595955679,-7.19268976499995,0],[112.595923941,-7.19264485399998,0],[112.595846146,-7.19260191099994,0],[112.595815277,-7.19257046799993,0],[112.595810609,-7.19250921699995,0],[112.59582,-7.19250999999997,0],[112.59595,-7.19247999999993,0],[112.59606,-7.19233999999994,0],[112.59621,-7.19222999999994,0],[112.5966,-7.19211999999993,0],[112.596760001,-7.19206999999994,0],[112.59696,-7.19190999999995,0],[112.59704,-7.19179999999994,0],[112.59708,-7.19153000099993,0],[112.596889999,-7.19083999999998,0],[112.59682,-7.19064999999995,0],[112.596484625,-7.19015625199995,0],[112.596124043,-7.18962539699993,0],[112.5961,-7.18958999999995,0],[112.59616,-7.18890000199997,0],[112.59636,-7.18792999999994,0],[112.596368108,-7.18789757299993,0],[112.596390001,-7.18780999999996,0],[112.596459999,-7.18769000099996,0],[112.596464156,-7.18756947399993,0],[112.59647,-7.18740000199995,0],[112.59647,-7.18697999999995,0],[112.596499999,-7.18670999999995,0],[112.59655,-7.18644999999998,0],[112.59661,-7.18615000199998,0],[112.596708909,-7.18588624399996,0],[112.596736406,-7.18581291899994,0],[112.59682,-7.18558999999993,0],[112.596924557,-7.18534286499994,0],[112.59693,-7.18533000099995,0],[112.596953534,-7.18528965599995,0],[112.59714,-7.18496999999996,0],[112.5972,-7.18482999999998,0],[112.59718,-7.18475999999993,0],[112.59718,-7.18466999999993,0],[112.597259999,-7.18439999999993,0],[112.597629999,-7.18375000099996,0],[112.59782,-7.18334999999996,0],[112.598,-7.18295000099994,0],[112.598055521,-7.18282614899994,0],[112.59813,-7.18266000199998,0],[112.598205362,-7.18252602299998,0],[112.59831,-7.18233999999995,0],[112.598345418,-7.18223964899994,0],[112.59837,-7.18217000099997,0],[112.59856,-7.18174999999997,0],[112.598623888,-7.18168078799994,0],[112.59868,-7.18161999999995,0],[112.59882436,-7.18144195699995,0],[112.598929923,-7.18131176299994,0],[112.598980001,-7.18124999999998,0],[112.59938,-7.18059999999997,0],[112.599470001,-7.18024999999994,0],[112.59968,-7.17954999999995,0],[112.599751308,-7.17915271799995,0],[112.599848103,-7.17896953299993,0],[112.599954492,-7.17858620199996,0],[112.599902227,-7.17856287799998,0],[112.599922333,-7.17839863099994,0],[112.599924335,-7.17839394799995,0],[112.599974093,-7.17827757699996,0],[112.600259467,-7.17760468599994,0],[112.600252579,-7.17755615999994,0],[112.600207643,-7.17740904499993,0],[112.600260507,-7.17728292499993,0],[112.600347156,-7.17708264499993,0],[112.600554854,-7.17650720799998,0],[112.600669573,-7.17617899799995,0],[112.600710382,-7.17617180199994,0],[112.601399862,-7.17613748399998,0],[112.601984474,-7.17611058399996,0],[112.602286309,-7.17608954999997,0],[112.602855578,-7.17624369399994,0],[112.603123312,-7.17633415999995,0],[112.603350966,-7.17638480799997,0],[112.604165397,-7.17651503799993,0],[112.604353961,-7.17655343699994,0],[112.604435809,-7.17658144599994,0],[112.60466905,-7.17671370799997,0],[112.604846651,-7.17679743599996,0],[112.604956992,-7.17683963199994,0],[112.605246932,-7.17691844599995,0],[112.605600996,-7.17701647399997,0],[112.605837596,-7.17708480699997,0],[112.605850028,-7.17709543099994,0],[112.605847141,-7.17727281699996,0],[112.605895201,-7.17728865099997,0],[112.606033971,-7.17734846599996,0],[112.606284493,-7.17744784999996,0],[112.606293364,-7.17744420299994,0],[112.606412134,-7.17735690699993,0],[112.606429902,-7.17735684499996,0],[112.606769484,-7.17739109599995,0],[112.606899371,-7.17742969699998,0],[112.60724281,-7.17756328899998,0],[112.607512853,-7.17767299999997,0],[112.607868753,-7.17778349499997,0],[112.608363394,-7.17794494399993,0],[112.608905392,-7.17809230499995,0],[112.609330001,-7.17823121599997,0],[112.609383357,-7.17818203099995,0],[112.609689489,-7.17827895599993,0],[112.610005794,-7.17840269699997,0],[112.610417099,-7.17857944499997,0],[112.610747875,-7.17872085199997,0],[112.610975784,-7.17878017199996,0],[112.611435627,-7.17891760199996,0],[112.612546082,-7.17924115099993,0],[112.612747093,-7.17929396399995,0],[112.613678164,-7.17945197499995,0],[112.614048864,-7.17950419099998,0]]]]}},{"type":"Feature","properties":{"fid":11962,"ori_name":"Kembangan","kode_kec":"35.25.14","kode_kd":"35.25.14.2002","kode_kk":"35.25","kode_prov":"35","tipe_kd":1,"kecamatan":"Kebomas","kel_desa":"Kembangan","kab_kota":"Gresik","provinsi":"Jawa Timur","jenis_kd":"Desa","nama":"Desa Kembangan","label":"Desa Kembangan, Kecamatan Kebomas, Kabupaten Gresik, Provinsi Jawa Timur, 35.25.14.2002"},"geometry":{"type":"MultiPolygon","coordinates":[[[[112.612804728,-7.15939096399995,0],[112.613604506,-7.16014051299993,0],[112.613707562,-7.16063883099997,0],[112.613954124,-7.16082483399992,0],[112.614905229,-7.16115048099994,0],[112.61506912,-7.16088221499996,0],[112.616156016,-7.16129146099996,0],[112.615834199,-7.16193112799994,0],[112.615822743,-7.16196389299995,0],[112.615878727,-7.16198322399993,0],[112.616449742,-7.16229908299994,0],[112.616682345,-7.16248513399995,0],[112.616863361,-7.16269188799993,0],[112.617304003,-7.16325356499993,0],[112.617707249,-7.16351983699997,0],[112.617956734,-7.16375039799993,0],[112.618207362,-7.16398836699994,0],[112.618453947,-7.16417997199994,0],[112.618974026,-7.16429801899994,0],[112.619141739,-7.16433087799993,0],[112.619238809,-7.16459036199996,0],[112.619785714,-7.16439876599998,0],[112.620346824,-7.16425457999998,0],[112.620241975,-7.16451929499993,0],[112.62017817,-7.16469572099993,0],[112.620121439,-7.16488748999996,0],[112.620092278,-7.16508530799996,0],[112.620092547,-7.16516151899998,0],[112.62010106,-7.16520434099994,0],[112.620126707,-7.16530044199993,0],[112.620188108,-7.16545861699996,0],[112.620135573,-7.16561249199998,0],[112.620037022,-7.16577918399997,0],[112.61998027,-7.16594383099994,0],[112.619974756,-7.16609518799993,0],[112.619962822,-7.16611918799993,0],[112.619943357,-7.16612522499997,0],[112.61974945,-7.16607347099995,0],[112.619645816,-7.16606931699994,0],[112.619424141,-7.16623047599995,0],[112.619355892,-7.16631090699997,0],[112.619336541,-7.16634840199993,0],[112.619330584,-7.16637391799998,0],[112.619330657,-7.16639489299996,0],[112.619335418,-7.16645327799995,0],[112.619269966,-7.16660674299993,0],[112.619251201,-7.16676827399993,0],[112.61925863,-7.16690593499993,0],[112.619302064,-7.16696553999998,0],[112.619376044,-7.16700695599997,0],[112.619398428,-7.16704584399997,0],[112.619397088,-7.16706808699996,0],[112.619365705,-7.16725027299998,0],[112.619346511,-7.16733243099998,0],[112.619360795,-7.16738192099996,0],[112.619373479,-7.16742219699995,0],[112.619394965,-7.16758756499996,0],[112.619407955,-7.16771399399994,0],[112.619391915,-7.16790724799995,0],[112.619653103,-7.16789972699996,0],[112.620030205,-7.16790680599996,0],[112.620178772,-7.16792942799998,0],[112.620374242,-7.16797936399996,0],[112.620439125,-7.16800263999994,0],[112.620451002,-7.16802610599996,0],[112.620346514,-7.16870939399996,0],[112.620297524,-7.16891596199997,0],[112.620240472,-7.16903793899996,0],[112.620181992,-7.16917872499994,0],[112.620174079,-7.16926346399993,0],[112.620183396,-7.16936522799995,0],[112.620220144,-7.16945423699997,0],[112.620272386,-7.16949193199997,0],[112.620408097,-7.16955238699995,0],[112.6205393,-7.16960463199996,0],[112.620632876,-7.16963530999993,0],[112.620695501,-7.16965362199994,0],[112.62075654,-7.16966678699993,0],[112.620808732,-7.16969037899997,0],[112.620844538,-7.16970363299993,0],[112.620862491,-7.16973475899994,0],[112.620867369,-7.16984765799998,0],[112.620872189,-7.16998623499995,0],[112.620882821,-7.17010046699994,0],[112.62090984,-7.17026789299996,0],[112.620932948,-7.17034248799996,0],[112.620944931,-7.17037426899998,0],[112.620997974,-7.17040689699996,0],[112.6211048,-7.17044747299997,0],[112.621177456,-7.17047334399996,0],[112.621213088,-7.17050052299993,0],[112.621272609,-7.17057037699993,0],[112.621316722,-7.17065221899998,0],[112.621366348,-7.17075221099998,0],[112.621426903,-7.17086120699997,0],[112.621434504,-7.17087808499997,0],[112.621399394,-7.17093489299998,0],[112.621261895,-7.17106547199995,0],[112.621011591,-7.17115350599994,0],[112.620840101,-7.17119334899996,0],[112.620798415,-7.17120615099998,0],[112.620499815,-7.17123242799994,0],[112.620406092,-7.17120247199995,0],[112.620294611,-7.17117502099995,0],[112.62022491,-7.17116143399994,0],[112.620151539,-7.17116548999996,0],[112.620065931,-7.17119264399997,0],[112.61996733,-7.17123972899998,0],[112.619819546,-7.17131221299996,0],[112.619707068,-7.17136188199993,0],[112.619619861,-7.17140133299995,0],[112.619569259,-7.17140530899997,0],[112.619456673,-7.17140317399998,0],[112.619326377,-7.17141755599994,0],[112.619263177,-7.17144806499994,0],[112.619183595,-7.17149002199994,0],[112.619170544,-7.17153626599998,0],[112.619142912,-7.17159702599997,0],[112.61909257,-7.17167422699993,0],[112.618732099,-7.17172729999993,0],[112.618524925,-7.17168246699993,0],[112.618340517,-7.17178545399997,0],[112.618240801,-7.17187675299994,0],[112.618193449,-7.17214533299995,0],[112.618099604,-7.17246144999996,0],[112.617983026,-7.17285078699996,0],[112.617371832,-7.17287436299995,0],[112.617363825,-7.17312201199996,0],[112.617353523,-7.17322782499997,0],[112.617280619,-7.17336450099998,0],[112.61705245,-7.17361156899995,0],[112.616725105,-7.17391277699994,0],[112.616718898,-7.17395203499996,0],[112.616631055,-7.17417085599993,0],[112.616464714,-7.17448577899995,0],[112.616282355,-7.17480971099997,0],[112.616039118,-7.17516658399995,0],[112.615855338,-7.17544766899994,0],[112.615642189,-7.17578409499993,0],[112.615615857,-7.17585370899997,0],[112.615519206,-7.17613665799996,0],[112.615457357,-7.17616969099993,0],[112.61542068,-7.17618500999993,0],[112.615366285,-7.17619279399997,0],[112.615334681,-7.17620673699997,0],[112.61529697,-7.17626753199994,0],[112.615138626,-7.17658514099998,0],[112.615001075,-7.17685042299996,0],[112.614983574,-7.17690481799997,0],[112.614992731,-7.17700332799996,0],[112.614988041,-7.17709176099993,0],[112.614936508,-7.17719174999996,0],[112.614816561,-7.17732579199998,0],[112.614786229,-7.17734108599996,0],[112.614540973,-7.17742277299993,0],[112.614438572,-7.17745088599997,0],[112.614408268,-7.17747377499995,0],[112.614396982,-7.17749144299995,0],[112.614388134,-7.17750159999997,0],[112.614389559,-7.17754580299993,0],[112.6143922,-7.17757481599995,0],[112.614407501,-7.17761643699993,0],[112.614416537,-7.17765943799998,0],[112.614425568,-7.17770108399998,0],[112.614416849,-7.17774785399996,0],[112.614403132,-7.17779590899994,0],[112.61434588,-7.17788298899995,0],[112.614136958,-7.17821216699997,0],[112.614077806,-7.17831091699998,0],[112.614018404,-7.17833888099995,0],[112.613967872,-7.17836310599995,0],[112.613954396,-7.17847932399997,0],[112.613935785,-7.17866354699993,0],[112.613952783,-7.17882639899995,0],[112.614000024,-7.17894882099995,0],[112.614030302,-7.17906705499996,0],[112.614055883,-7.17914408099995,0],[112.614066397,-7.17924638499994,0],[112.614048864,-7.17950419099998,0],[112.613678164,-7.17945197499995,0],[112.612747093,-7.17929396399995,0],[112.612546082,-7.17924115099993,0],[112.611435627,-7.17891760199996,0],[112.610975784,-7.17878017199996,0],[112.610747875,-7.17872085199997,0],[112.610417099,-7.17857944499997,0],[112.610005794,-7.17840269699997,0],[112.609689489,-7.17827895599993,0],[112.609383357,-7.17818203099995,0],[112.609330001,-7.17823121599997,0],[112.608905392,-7.17809230499995,0],[112.608363394,-7.17794494399993,0],[112.607868753,-7.17778349499997,0],[112.607512853,-7.17767299999997,0],[112.60724281,-7.17756328899998,0],[112.606899371,-7.17742969699998,0],[112.606769484,-7.17739109599995,0],[112.606429902,-7.17735684499996,0],[112.606412134,-7.17735690699993,0],[112.606293364,-7.17744420299994,0],[112.606284493,-7.17744784999996,0],[112.606033971,-7.17734846599996,0],[112.605895201,-7.17728865099997,0],[112.605847141,-7.17727281699996,0],[112.605850028,-7.17709543099994,0],[112.605837596,-7.17708480699997,0],[112.605600996,-7.17701647399997,0],[112.605246932,-7.17691844599995,0],[112.604956992,-7.17683963199994,0],[112.604846651,-7.17679743599996,0],[112.60466905,-7.17671370799997,0],[112.604435809,-7.17658144599994,0],[112.604353961,-7.17655343699994,0],[112.604165397,-7.17651503799993,0],[112.603350966,-7.17638480799997,0],[112.603123312,-7.17633415999995,0],[112.602855578,-7.17624369399994,0],[112.602286309,-7.17608954999997,0],[112.601984474,-7.17611058399996,0],[112.601399862,-7.17613748399998,0],[112.600710382,-7.17617180199994,0],[112.600669573,-7.17617899799995,0],[112.600554854,-7.17650720799998,0],[112.600347156,-7.17708264499993,0],[112.600260507,-7.17728292499993,0],[112.600207643,-7.17740904499993,0],[112.600252579,-7.17755615999994,0],[112.600259467,-7.17760468599994,0],[112.599443119,-7.17743892399994,0],[112.598198753,-7.17718397099998,0],[112.597952875,-7.17713112499996,0],[112.596745776,-7.17690126599996,0],[112.596575738,-7.17686659899994,0],[112.596210289,-7.17680069599993,0],[112.595067357,-7.17666670799997,0],[112.593698979,-7.17649453599995,0],[112.593195579,-7.17643245499994,0],[112.592494576,-7.17614634599994,0],[112.592499998,-7.17611999999997,0],[112.59243,-7.17607999999996,0],[112.591914931,-7.17586313099997,0],[112.59186,-7.17583999999994,0],[112.59175,-7.17576000099996,0],[112.59165,-7.17560999999995,0],[112.59163,-7.17554000099994,0],[112.59169,-7.17537999999996,0],[112.591707804,-7.17535997199997,0],[112.59177,-7.17529000199994,0],[112.59177,-7.17519000199997,0],[112.59162,-7.17509000099994,0],[112.59148,-7.17502999999994,0],[112.591389999,-7.17501999999996,0],[112.591344286,-7.17506408099996,0],[112.59111,-7.17529000199994,0],[112.59101,-7.17537999999996,0],[112.590879999,-7.17535000199996,0],[112.59074,-7.17527000199993,0],[112.59066,-7.17517999999995,0],[112.59064,-7.17506999999995,0],[112.59064,-7.17496000199998,0],[112.590589999,-7.17488000199995,0],[112.59045,-7.17482000199993,0],[112.59037,-7.17478000099993,0],[112.59033,-7.17467999999997,0],[112.590321579,-7.17463368699993,0],[112.59031,-7.17457000199994,0],[112.59013,-7.17439999999993,0],[112.58991,-7.17418000199996,0],[112.58989,-7.17404999999997,0],[112.58976,-7.17404000199997,0],[112.58965,-7.17396000099995,0],[112.58884,-7.17330000199996,0],[112.58849,-7.17316000099993,0],[112.58799,-7.17301999999995,0],[112.58775,-7.17303000099997,0],[112.587708231,-7.17304228599994,0],[112.587684052,-7.17281042099995,0],[112.587594009,-7.17203178799997,0],[112.587503627,-7.17119900099993,0],[112.588024047,-7.17111158699993,0],[112.58985899,-7.17082642699995,0],[112.591629265,-7.17055929399993,0],[112.593236478,-7.17031062099994,0],[112.595256693,-7.17002235799993,0],[112.596293637,-7.16986741599993,0],[112.596512532,-7.16989097399994,0],[112.596582128,-7.16983124499995,0],[112.596615072,-7.16979433499995,0],[112.596641666,-7.16977778999996,0],[112.596674654,-7.16977514299998,0],[112.596716663,-7.16979018499995,0],[112.596753538,-7.16981030799997,0],[112.596801805,-7.16982162299996,0],[112.596827229,-7.16981258399994,0],[112.596889275,-7.16964276599998,0],[112.596957189,-7.16944363599993,0],[112.597113691,-7.16953684299995,0],[112.597184935,-7.16956444099998,0],[112.597204007,-7.16957450099994,0],[112.597245989,-7.16958203999997,0],[112.597282785,-7.16957937899997,0],[112.597313226,-7.16957411999994,0],[112.597338635,-7.16958171699997,0],[112.5973778,-7.16959486999997,0],[112.597446548,-7.16963513299993,0],[112.597516469,-7.16964754699995,0],[112.597605334,-7.16965492299994,0],[112.597624388,-7.16963831199996,0],[112.597642116,-7.16962685899995,0],[112.597687859,-7.16962091499994,0],[112.597744772,-7.16962840199994,0],[112.597915516,-7.16969488799998,0],[112.598006024,-7.16970225799997,0],[112.598241526,-7.16979943999996,0],[112.598285441,-7.16980443999995,0],[112.598334589,-7.16981204399997,0],[112.598409684,-7.16987362099997,0],[112.598835613,-7.16973038199995,0],[112.599338355,-7.16952042699995,0],[112.600102224,-7.16924193899996,0],[112.601435333,-7.16879222499995,0],[112.602717859,-7.16845930899996,0],[112.602752985,-7.16750928999994,0],[112.602761597,-7.16732465099994,0],[112.603026179,-7.16730528499994,0],[112.603018475,-7.16715171299995,0],[112.602955008,-7.16708439999996,0],[112.602894663,-7.16665029999996,0],[112.602902153,-7.16646521299998,0],[112.602941466,-7.16626446499993,0],[112.603074186,-7.16549121199995,0],[112.603153533,-7.16527459199995,0],[112.603279331,-7.16499859599998,0],[112.603327464,-7.16486507899998,0],[112.603483657,-7.16429307799996,0],[112.603539273,-7.16429288399996,0],[112.603560078,-7.16428594099995,0],[112.60355757,-7.16408145099996,0],[112.603550325,-7.16399486699993,0],[112.603532643,-7.16389096199993,0],[112.603506256,-7.16379576699995,0],[112.603485246,-7.16374385599994,0],[112.603483295,-7.16365562599998,0],[112.603573907,-7.16324468599993,0],[112.603580547,-7.16315805499994,0],[112.603588631,-7.16299339599993,0],[112.603577677,-7.16284986999995,0],[112.603555621,-7.16249826699993,0],[112.603538943,-7.16219058299993,0],[112.603633413,-7.16190086399996,0],[112.603686275,-7.16162521199993,0],[112.603704765,-7.16144758999997,0],[112.604842818,-7.16135077399997,0],[112.604880917,-7.16093151899997,0],[112.60545253,-7.16090755599993,0],[112.606044864,-7.16117318199997,0],[112.605902116,-7.16059435799997,0],[112.605902877,-7.16025669099997,0],[112.605905951,-7.15991386799993,0],[112.605906045,-7.15990337099993,0],[112.605931752,-7.15971894499995,0],[112.606028046,-7.15971634799996,0],[112.606847993,-7.15968283899997,0],[112.60768591,-7.15972818699993,0],[112.607896474,-7.15974037999996,0],[112.608263783,-7.15978728199997,0],[112.608277706,-7.15935057299993,0],[112.608422532,-7.15928651199994,0],[112.608541226,-7.15926412999994,0],[112.608855379,-7.15920372399995,0],[112.608842712,-7.15910526499994,0],[112.60883343,-7.15903311399995,0],[112.608779428,-7.15868433799994,0],[112.608665317,-7.15811861399993,0],[112.609942132,-7.15795621099994,0],[112.610404444,-7.15897437199993,0],[112.610552862,-7.15927444999994,0],[112.612762654,-7.15939951699994,0],[112.612804728,-7.15939096399995,0]]]]}},{"type":"Feature","properties":{"fid":12234,"ori_name":"Klangonan","kode_kec":"35.25.14","kode_kd":"35.25.14.2005","kode_kk":"35.25","kode_prov":"35","tipe_kd":1,"kecamatan":"Kebomas","kel_desa":"Klangonan","kab_kota":"Gresik","provinsi":"Jawa Timur","jenis_kd":"Desa","nama":"Desa Klangonan","label":"Desa Klangonan, Kecamatan Kebomas, Kabupaten Gresik, Provinsi Jawa Timur, 35.25.14.2005"},"geometry":{"type":"MultiPolygon","coordinates":[[[[112.629030217,-7.16606969999998,0],[112.629125526,-7.16614738099997,0],[112.629376687,-7.16644871499994,0],[112.630232871,-7.16688540899997,0],[112.629959058,-7.16764568999997,0],[112.629843341,-7.16800184499994,0],[112.629904877,-7.16819671999997,0],[112.630044661,-7.16847864899995,0],[112.630207761,-7.16878815999996,0],[112.630261358,-7.16885061899995,0],[112.630682917,-7.16914085999997,0],[112.63068164,-7.16915957999993,0],[112.630615485,-7.16930328599994,0],[112.630541482,-7.16950741099993,0],[112.630553635,-7.16954470499996,0],[112.63058056,-7.16962190799995,0],[112.63049194,-7.16987219199996,0],[112.630490758,-7.16991748899994,0],[112.630454414,-7.17021477699996,0],[112.630498511,-7.17022926599998,0],[112.630468568,-7.17039490499997,0],[112.630464802,-7.17044870699993,0],[112.630512122,-7.17044591899997,0],[112.630507065,-7.17049321699994,0],[112.630028586,-7.17065520299997,0],[112.629525669,-7.17080995199996,0],[112.629465199,-7.17083114099995,0],[112.629400247,-7.17129198499993,0],[112.629298038,-7.17126893099993,0],[112.629058078,-7.17122114499995,0],[112.628969129,-7.17118991099994,0],[112.628928185,-7.17103320099994,0],[112.628919458,-7.17099336599995,0],[112.628644825,-7.17104125699996,0],[112.628371472,-7.17109185899994,0],[112.628144921,-7.17116173099993,0],[112.628018122,-7.17119382399994,0],[112.627791951,-7.17137046099998,0],[112.627385732,-7.17123755899996,0],[112.627170845,-7.17135448999994,0],[112.626867845,-7.17121380799995,0],[112.626824856,-7.17119605999994,0],[112.6267293,-7.17104912899993,0],[112.626697717,-7.17096362899997,0],[112.626707596,-7.17090745199994,0],[112.626718504,-7.17086817599994,0],[112.626766874,-7.17071892799993,0],[112.626780434,-7.17064800299994,0],[112.626752734,-7.17062604099993,0],[112.626615119,-7.17057680499994,0],[112.625322956,-7.17068950399994,0],[112.625030075,-7.17066504599995,0],[112.625024854,-7.17075067599995,0],[112.625017377,-7.17095827299994,0],[112.625016727,-7.17102716399995,0],[112.625017729,-7.17105717499993,0],[112.625038159,-7.17115546299993,0],[112.625081701,-7.17132915799993,0],[112.625115099,-7.17150478799994,0],[112.62511694,-7.17156119399993,0],[112.62501316,-7.17189479599995,0],[112.624836211,-7.17188990499994,0],[112.624762317,-7.17189387299993,0],[112.624692451,-7.17191771799997,0],[112.624584947,-7.17196004399995,0],[112.624483819,-7.17198860799994,0],[112.62436813,-7.17203819799994,0],[112.624265169,-7.17207680299992,0],[112.624235084,-7.17207690999993,0],[112.624214989,-7.17207327399996,0],[112.62417196,-7.17202334199993,0],[112.623981287,-7.17176916399995,0],[112.623855281,-7.17158237999996,0],[112.623765514,-7.17146797299995,0],[112.623704141,-7.17140264699998,0],[112.623635622,-7.17136464699996,0],[112.623553403,-7.17133664099993,0],[112.623469355,-7.17129779299995,0],[112.623374682,-7.17125292499998,0],[112.623265002,-7.17120693399994,0],[112.623225702,-7.17117696799994,0],[112.623189058,-7.17113795199998,0],[112.623155063,-7.17106710499996,0],[112.623126595,-7.17101802499997,0],[112.62299156,-7.17093785999998,0],[112.622784131,-7.17082115599993,0],[112.622744762,-7.17079308899997,0],[112.622638418,-7.17063507699993,0],[112.622604506,-7.17058782299995,0],[112.622590748,-7.17058154399996,0],[112.622577979,-7.17058068599994,0],[112.622557974,-7.17058165999993,0],[112.622513348,-7.17060730999998,0],[112.6224242,-7.17068862799994,0],[112.622343193,-7.17072896399998,0],[112.622293954,-7.17073826799998,0],[112.622240412,-7.17073411799993,0],[112.622174701,-7.17072982999997,0],[112.622116329,-7.17073184399993,0],[112.62205712,-7.17075112999993,0],[112.621964167,-7.17079060399993,0],[112.621882265,-7.17083094299994,0],[112.621797458,-7.17085221399998,0],[112.621681644,-7.17086627399993,0],[112.621524826,-7.17087505399996,0],[112.621434504,-7.17087808499997,0],[112.621426903,-7.17086120699997,0],[112.621366348,-7.17075221099998,0],[112.621316722,-7.17065221899998,0],[112.621272609,-7.17057037699993,0],[112.621213088,-7.17050052299993,0],[112.621177456,-7.17047334399996,0],[112.6211048,-7.17044747299997,0],[112.620997974,-7.17040689699996,0],[112.620944931,-7.17037426899998,0],[112.620932948,-7.17034248799996,0],[112.62090984,-7.17026789299996,0],[112.620882821,-7.17010046699994,0],[112.620872189,-7.16998623499995,0],[112.620867369,-7.16984765799998,0],[112.620862491,-7.16973475899994,0],[112.620844538,-7.16970363299993,0],[112.620808732,-7.16969037899997,0],[112.62075654,-7.16966678699993,0],[112.620695501,-7.16965362199994,0],[112.620632876,-7.16963530999993,0],[112.6205393,-7.16960463199996,0],[112.620408097,-7.16955238699995,0],[112.620272386,-7.16949193199997,0],[112.620220144,-7.16945423699997,0],[112.620183396,-7.16936522799995,0],[112.620174079,-7.16926346399993,0],[112.620181992,-7.16917872499994,0],[112.620240472,-7.16903793899996,0],[112.620297524,-7.16891596199997,0],[112.620346514,-7.16870939399996,0],[112.620451002,-7.16802610599996,0],[112.620439125,-7.16800263999994,0],[112.620374242,-7.16797936399996,0],[112.620178772,-7.16792942799998,0],[112.620030205,-7.16790680599996,0],[112.619653103,-7.16789972699996,0],[112.619391915,-7.16790724799995,0],[112.619407955,-7.16771399399994,0],[112.619394965,-7.16758756499996,0],[112.619373479,-7.16742219699995,0],[112.619360795,-7.16738192099996,0],[112.619346511,-7.16733243099998,0],[112.619365705,-7.16725027299998,0],[112.619397088,-7.16706808699996,0],[112.619398428,-7.16704584399997,0],[112.619376044,-7.16700695599997,0],[112.619302064,-7.16696553999998,0],[112.61925863,-7.16690593499993,0],[112.619251201,-7.16676827399993,0],[112.619269966,-7.16660674299993,0],[112.619335418,-7.16645327799995,0],[112.619330657,-7.16639489299996,0],[112.619330584,-7.16637391799998,0],[112.619336541,-7.16634840199993,0],[112.619355892,-7.16631090699997,0],[112.619424141,-7.16623047599995,0],[112.619645816,-7.16606931699994,0],[112.61974945,-7.16607347099995,0],[112.619943357,-7.16612522499997,0],[112.619962822,-7.16611918799993,0],[112.619974756,-7.16609518799993,0],[112.61998027,-7.16594383099994,0],[112.620037022,-7.16577918399997,0],[112.620135573,-7.16561249199998,0],[112.620188108,-7.16545861699996,0],[112.620126707,-7.16530044199993,0],[112.62010106,-7.16520434099994,0],[112.620092547,-7.16516151899998,0],[112.620092278,-7.16508530799996,0],[112.620121439,-7.16488748999996,0],[112.62017817,-7.16469572099993,0],[112.620241975,-7.16451929499993,0],[112.620346824,-7.16425457999998,0],[112.620280027,-7.16354106599994,0],[112.620196622,-7.16262708999994,0],[112.621606456,-7.16311564499995,0],[112.622780538,-7.16362563799993,0],[112.623665376,-7.16387139999995,0],[112.624509981,-7.16409714299994,0],[112.625023286,-7.16419938499996,0],[112.625277769,-7.16425987199995,0],[112.625398022,-7.16429841099995,0],[112.626072345,-7.16456651899995,0],[112.626294724,-7.16468940699997,0],[112.626983408,-7.16509126199998,0],[112.62754461,-7.16550052999997,0],[112.628325734,-7.16594951599996,0],[112.628764334,-7.16593114699998,0],[112.629030217,-7.16606969999998,0]]]]}},{"type":"Feature","properties":{"fid":13161,"ori_name":"Ngargosari","kode_kec":"35.25.14","kode_kd":"35.25.14.1012","kode_kk":"35.25","kode_prov":"35","tipe_kd":2,"kecamatan":"Kebomas","kel_desa":"Ngargosari","kab_kota":"Gresik","provinsi":"Jawa Timur","jenis_kd":"Kelurahan","nama":"Kelurahan Ngargosari","label":"Kelurahan Ngargosari, Kecamatan Kebomas, Kabupaten Gresik, Provinsi Jawa Timur, 35.25.14.1012"},"geometry":{"type":"MultiPolygon","coordinates":[[[[112.640998715,-7.17335486299993,0],[112.640800475,-7.17378309399993,0],[112.640566415,-7.17429878299993,0],[112.64030969,-7.17486481799995,0],[112.640093803,-7.17534825799993,0],[112.64007216,-7.17539191099996,0],[112.640041184,-7.17576846499998,0],[112.640036855,-7.17583158299993,0],[112.640084583,-7.17590066199995,0],[112.640142959,-7.17600387699997,0],[112.640153634,-7.17606639799993,0],[112.64015956,-7.17613653299998,0],[112.640157866,-7.17618490399997,0],[112.640139872,-7.17624653299993,0],[112.640114718,-7.17639361999994,0],[112.640106532,-7.17648468699997,0],[112.640115365,-7.17657469799997,0],[112.640129879,-7.17664579499996,0],[112.640127181,-7.17668467799996,0],[112.640122556,-7.17672718699993,0],[112.640096346,-7.17682970799996,0],[112.640039898,-7.17699390199994,0],[112.640001094,-7.17708191399993,0],[112.639970991,-7.17716076299996,0],[112.639935552,-7.17733347399997,0],[112.639959526,-7.17739883899998,0],[112.639987261,-7.17743020099994,0],[112.640063877,-7.17747756999995,0],[112.640332603,-7.17759404499998,0],[112.640435637,-7.17763824799994,0],[112.640511466,-7.17767422799994,0],[112.640534988,-7.17769674699997,0],[112.640533668,-7.17774511799996,0],[112.640521779,-7.17780256499998,0],[112.640489505,-7.17792110999994,0],[112.640436475,-7.17812217799997,0],[112.640478289,-7.17816578399993,0],[112.640566671,-7.17824665199993,0],[112.640644237,-7.17835061099993,0],[112.640719372,-7.17842203499993,0],[112.64085284,-7.17850093099997,0],[112.640908962,-7.17853770499994,0],[112.640922771,-7.17855790699997,0],[112.640940396,-7.17862203099997,0],[112.640958708,-7.17887798999993,0],[112.640973289,-7.17894718799994,0],[112.64097298,-7.17927725699997,0],[112.640976931,-7.17933826399997,0],[112.640973762,-7.17949530799996,0],[112.640965179,-7.17964179399996,0],[112.640963858,-7.17969007399995,0],[112.64098082,-7.17977752499996,0],[112.640975916,-7.17988783599998,0],[112.640947655,-7.18002236799992,0],[112.640935463,-7.18009925799993,0],[112.640938187,-7.18023439999996,0],[112.64095496,-7.18026914799998,0],[112.640988686,-7.18034722499993,0],[112.641054859,-7.18043838699998,0],[112.64114418,-7.18061444899996,0],[112.64119682,-7.18074181999998,0],[112.64125608,-7.18100721499997,0],[112.641296031,-7.18117694199998,0],[112.641333742,-7.18124225999998,0],[112.64135432,-7.18127617799996,0],[112.641393133,-7.18133642899994,0],[112.641397641,-7.18134473099997,0],[112.641425707,-7.18136424799997,0],[112.641483344,-7.18138591899998,0],[112.641514351,-7.18139268099998,0],[112.641542416,-7.18141219899996,0],[112.641567513,-7.18145739899995,0],[112.641595887,-7.18156298199995,0],[112.641618558,-7.18170130799996,0],[112.641693705,-7.18202577399995,0],[112.641794612,-7.18220549599994,0],[112.641867864,-7.18225143099994,0],[112.641930757,-7.18234386999995,0],[112.642011425,-7.18235451999993,0],[112.642191858,-7.18237295099993,0],[112.642288914,-7.18237395999995,0],[112.642439233,-7.18238435899997,0],[112.642559491,-7.18238121599995,0],[112.642611436,-7.18237696199998,0],[112.642674335,-7.18238758499996,0],[112.642709915,-7.18239975299997,0],[112.642798448,-7.18246009799998,0],[112.642822711,-7.18248071499994,0],[112.642845318,-7.18251851099996,0],[112.642862868,-7.18260297599994,0],[112.64286304,-7.18265125099998,0],[112.642854802,-7.18274783299995,0],[112.642822243,-7.18282895099998,0],[112.642784499,-7.18289978299993,0],[112.642767902,-7.18295580199998,0],[112.642765922,-7.18302768099994,0],[112.642779217,-7.18307129899995,0],[112.642790282,-7.18311700599997,0],[112.642783904,-7.18314975299995,0],[112.642773054,-7.18318468899997,0],[112.642727485,-7.18328076999995,0],[112.642707946,-7.18330705699998,0],[112.642686205,-7.18334420099995,0],[112.642675423,-7.18337687499996,0],[112.642686487,-7.18342266999997,0],[112.642717789,-7.18349090399994,0],[112.642719862,-7.18352778299993,0],[112.642714262,-7.18358982099994,0],[112.642710494,-7.18364217599998,0],[112.642716622,-7.18370616099998,0],[112.64274575,-7.18370994399993,0],[112.642769007,-7.18370018699994,0],[112.642800027,-7.18366906699993,0],[112.642817159,-7.18365788799997,0],[112.642836251,-7.18363196199994,0],[112.642850574,-7.18360795399997,0],[112.642866853,-7.18358864199996,0],[112.642882178,-7.18357330599997,0],[112.642893704,-7.18356078899996,0],[112.642909035,-7.18354726499996,0],[112.642929113,-7.18352513399998,0],[112.642941655,-7.18352508899994,0],[112.642953189,-7.18353562599998,0],[112.642966707,-7.18355763599993,0],[112.64297548,-7.18358924499995,0],[112.642976595,-7.18362956199996,0],[112.642978667,-7.18366598899996,0],[112.642985651,-7.18373973199994,0],[112.642976059,-7.18375034299993,0],[112.642949259,-7.18377150299995,0],[112.642932508,-7.18378431099995,0],[112.642926531,-7.18380376899995,0],[112.642928958,-7.18381469999997,0],[112.642949667,-7.18382303399994,0],[112.642982539,-7.18382906399995,0],[112.643004446,-7.18383865799996,0],[112.643025161,-7.18384825599998,0],[112.643085044,-7.18395480899994,0],[112.643114859,-7.18400424299995,0],[112.643128749,-7.18402570999996,0],[112.643138093,-7.18405017599997,0],[112.643139709,-7.18408389099994,0],[112.643127564,-7.18411159799996,0],[112.643106033,-7.18412387999996,0],[112.643083095,-7.18413933099993,0],[112.643072335,-7.18415781299996,0],[112.643069324,-7.18417156399994,0],[112.643060191,-7.18418542899997,0],[112.643063344,-7.18421145399998,0],[112.643074179,-7.18423446799994,0],[112.643103467,-7.18426193599993,0],[112.643120469,-7.18427724399993,0],[112.643155832,-7.18429094899994,0],[112.643180472,-7.18429230799995,0],[112.64320353,-7.18428924199998,0],[112.643221886,-7.18426612299993,0],[112.64323403,-7.18423850599993,0],[112.643240144,-7.18421543099993,0],[112.643246223,-7.18420320499996,0],[112.643258518,-7.18419701299996,0],[112.643286232,-7.18420152399995,0],[112.643304714,-7.18421366299998,0],[112.643326343,-7.18424893499997,0],[112.64334962,-7.18430706999993,0],[112.643385268,-7.18442103299998,0],[112.643402693,-7.18445026099994,0],[112.643454845,-7.18452429599995,0],[112.64347564,-7.18455694799997,0],[112.643477525,-7.18458279699996,0],[112.643456859,-7.18460709899995,0],[112.6434223,-7.18460894099996,0],[112.643384182,-7.18459696299993,0],[112.643349561,-7.18458153799997,0],[112.643313218,-7.18456449099995,0],[112.643285557,-7.18457489699995,0],[112.643283977,-7.18461287199995,0],[112.643304842,-7.18464380599994,0],[112.643349871,-7.18466778199996,0],[112.643403481,-7.18466930799997,0],[112.643441485,-7.18467088899996,0],[112.643472635,-7.18467602299995,0],[112.64349686,-7.18468624199994,0],[112.643516016,-7.18471898899998,0],[112.643492106,-7.18479664099993,0],[112.643436547,-7.18489655599996,0],[112.643414775,-7.18492493199994,0],[112.643399659,-7.18497733099997,0],[112.643401934,-7.18500787699998,0],[112.643415175,-7.18503621699995,0],[112.643448003,-7.18505137699998,0],[112.643483001,-7.18504682199995,0],[112.643498275,-7.18503809099997,0],[112.643518014,-7.18504669699996,0],[112.643542108,-7.18506188899994,0],[112.643559702,-7.18509672199997,0],[112.643566437,-7.18514253199993,0],[112.643562165,-7.18517961299995,0],[112.643540432,-7.18521892699994,0],[112.643523019,-7.18523426699994,0],[112.643483667,-7.18523223899996,0],[112.643461691,-7.18520402099995,0],[112.643426533,-7.18514303399996,0],[112.64340677,-7.18512782799996,0],[112.643382732,-7.18512791199993,0],[112.643371882,-7.18516284699996,0],[112.643348234,-7.18527195999997,0],[112.643281789,-7.18543781899996,0],[112.643245934,-7.18547374699995,0],[112.64319365,-7.18552917299996,0],[112.643160587,-7.18557340699994,0],[112.64314142,-7.18562039599993,0],[112.64315538,-7.18566166199997,0],[112.643183122,-7.18569464999996,0],[112.643205264,-7.18568634299993,0],[112.643238183,-7.18562276099993,0],[112.64324639,-7.18560067299995,0],[112.643271255,-7.18558123699995,0],[112.64330165,-7.18558393099994,0],[112.643310047,-7.18561427699996,0],[112.643301878,-7.18564739599998,0],[112.643282681,-7.18568606599996,0],[112.643255153,-7.18573308399993,0],[112.643209959,-7.18580864299997,0],[112.64318682,-7.18583051299993,0],[112.643151272,-7.18584835999997,0],[112.643122684,-7.18587033999995,0],[112.643106313,-7.18588540699994,0],[112.643102705,-7.18592004399994,0],[112.643101688,-7.18609425599993,0],[112.643121532,-7.18627743499997,0],[112.643134674,-7.18640259899996,0],[112.643152859,-7.18647675399995,0],[112.643164141,-7.18652110199997,0],[112.643183074,-7.18655430299998,0],[112.643208878,-7.18658829299994,0],[112.6432552,-7.18661886399997,0],[112.643269856,-7.18664611399993,0],[112.643275399,-7.18667203999996,0],[112.643270066,-7.18670442499996,0],[112.643249613,-7.18672601499998,0],[112.643232335,-7.18673800899995,0],[112.643220512,-7.18675097899995,0],[112.643209772,-7.18677479399997,0],[112.643221716,-7.18679518199997,0],[112.643242418,-7.18682213999995,0],[112.643319739,-7.18691976899993,0],[112.643323964,-7.18695248099993,0],[112.643336379,-7.18700025999993,0],[112.643354412,-7.18705335299995,0],[112.643390203,-7.18712419199994,0],[112.643397253,-7.18717470299993,0],[112.64337268,-7.18719250999993,0],[112.643338518,-7.18720085899997,0],[112.643305699,-7.18720911299994,0],[112.643278114,-7.18721987999993,0],[112.643271234,-7.18723717199993,0],[112.643274848,-7.18726644999998,0],[112.643299135,-7.18729402599996,0],[112.643323455,-7.18730939899996,0],[112.643373722,-7.18733688399993,0],[112.643387595,-7.18735409899995,0],[112.643366939,-7.18738174699996,0],[112.643344506,-7.18739222399995,0],[112.643328934,-7.18740086899993,0],[112.643323857,-7.18742158899994,0],[112.643327397,-7.18745095699995,0],[112.643409131,-7.18757144399996,0],[112.643432283,-7.18761547799994,0],[112.643428035,-7.18765915899996,0],[112.64339321,-7.18771171799995,0],[112.643345218,-7.18773584699994,0],[112.643279545,-7.18774268199996,0],[112.643216156,-7.18774073999998,0],[112.643148309,-7.18774532299994,0],[112.643100254,-7.18775200399995,0],[112.643049953,-7.18775661399997,0],[112.643010588,-7.18777203299993,0],[112.642988786,-7.18779172899997,0],[112.642975812,-7.18783761099996,0],[112.642952195,-7.18795558299996,0],[112.642908604,-7.18799931399997,0],[112.642860554,-7.18802787299995,0],[112.642843226,-7.18806726299994,0],[112.642854227,-7.18809560799997,0],[112.642860945,-7.18813698899993,0],[112.642872007,-7.18816099699995,0],[112.64286338,-7.18819113299998,0],[112.642851189,-7.18822661499996,0],[112.642826867,-7.18829360099994,0],[112.642817399,-7.18833874699993,0],[112.642814996,-7.18841786099995,0],[112.642816531,-7.18847110199994,0],[112.64284748,-7.18862802299998,0],[112.642873634,-7.18867620499998,0],[112.642922339,-7.18874681699998,0],[112.642991763,-7.18880704899993,0],[112.643033464,-7.18886042099996,0],[112.643140131,-7.18900106699994,0],[112.64317762,-7.18906638499993,0],[112.643176771,-7.18907994999995,0],[112.642787138,-7.18905865499994,0],[112.642326558,-7.18903155599997,0],[112.642020071,-7.18904630499998,0],[112.641927753,-7.18899320699995,0],[112.641791387,-7.18896060999998,0],[112.641708915,-7.18890458099997,0],[112.641727072,-7.18882613799997,0],[112.64172449,-7.18879305699994,0],[112.64169487,-7.18875682099997,0],[112.641575382,-7.18862128099994,0],[112.641486176,-7.18839495799995,0],[112.641422575,-7.18816772899993,0],[112.641293602,-7.18778234299998,0],[112.641232426,-7.18760654499994,0],[112.641179235,-7.18749282599993,0],[112.641112709,-7.18742815399997,0],[112.641014396,-7.18738926999993,0],[112.640830501,-7.18728144299996,0],[112.640664367,-7.18717056899993,0],[112.640499528,-7.18706701399998,0],[112.640248151,-7.18689822399995,0],[112.640035074,-7.18670904699997,0],[112.639941441,-7.18660035399995,0],[112.63981527,-7.18662105699997,0],[112.639747874,-7.18664697199995,0],[112.639616525,-7.18663894399998,0],[112.639502363,-7.18663564499997,0],[112.639427541,-7.18665182399997,0],[112.639352775,-7.18668391599994,0],[112.639287954,-7.18674055799994,0],[112.639185105,-7.18681071799995,0],[112.639039224,-7.18687253399997,0],[112.6389525,-7.18688025699993,0],[112.638866606,-7.18689032799995,0],[112.638623642,-7.18690222599997,0],[112.638207627,-7.18691474199994,0],[112.638017356,-7.18692274399996,0],[112.637934997,-7.18693985399995,0],[112.637876509,-7.18697260999994,0],[112.637787163,-7.18704027899997,0],[112.63769762,-7.18703164899995,0],[112.637604177,-7.18701869399996,0],[112.637340242,-7.18699097799993,0],[112.637281065,-7.18697735699993,0],[112.637249688,-7.18697132399996,0],[112.637156198,-7.18694480499994,0],[112.637036665,-7.18687977899998,0],[112.636907153,-7.18680140899994,0],[112.636865738,-7.18676485499998,0],[112.636854221,-7.18640499399993,0],[112.636830384,-7.18627335899993,0],[112.636646124,-7.18618804199997,0],[112.636398945,-7.18608595499995,0],[112.63635225,-7.18607626599993,0],[112.636239163,-7.18606048799995,0],[112.636133302,-7.18604007199997,0],[112.635813581,-7.18598651799994,0],[112.635511898,-7.18594555699997,0],[112.635477921,-7.18579714399993,0],[112.63546483,-7.18566456599996,0],[112.635459368,-7.18564044799996,0],[112.635397384,-7.18557250499993,0],[112.635332867,-7.18552644799996,0],[112.635155885,-7.18538866799997,0],[112.634966426,-7.18524758999996,0],[112.634862474,-7.18515520699998,0],[112.634731994,-7.18503588399994,0],[112.634689502,-7.18494834399996,0],[112.634648828,-7.18480601099998,0],[112.63459394,-7.18465577299997,0],[112.634562667,-7.18451123699998,0],[112.634549749,-7.18430154399994,0],[112.634537668,-7.18415910999994,0],[112.634523685,-7.18404859399993,0],[112.634512921,-7.18383536999994,0],[112.634518495,-7.18380822699993,0],[112.634548401,-7.18373615799993,0],[112.634586574,-7.18361759199996,0],[112.63468809,-7.18338344399996,0],[112.634756874,-7.18322345599995,0],[112.634652348,-7.18317961899993,0],[112.634382727,-7.18306440999993,0],[112.634263169,-7.18299214999996,0],[112.634036773,-7.18283456799998,0],[112.633919617,-7.18274530399998,0],[112.633857962,-7.18268567499996,0],[112.633785467,-7.18260104599995,0],[112.633774699,-7.18257540699994,0],[112.633770024,-7.18247841999994,0],[112.633746947,-7.18241359099994,0],[112.633729156,-7.18236528799997,0],[112.633704774,-7.18233183499996,0],[112.633669638,-7.18229778699992,0],[112.633585882,-7.18225812599997,0],[112.633532906,-7.18224547799997,0],[112.633477848,-7.18223500599993,0],[112.633419876,-7.18220311899995,0],[112.633349497,-7.18210491799994,0],[112.633236407,-7.18198291499994,0],[112.633161116,-7.18190977499995,0],[112.632980751,-7.18182697099996,0],[112.632971715,-7.18170079799995,0],[112.632965427,-7.18154957399997,0],[112.632960304,-7.18130640299995,0],[112.632968473,-7.18129434999997,0],[112.633004004,-7.18123003599993,0],[112.633036682,-7.18118209599993,0],[112.633064552,-7.18116780299994,0],[112.633080202,-7.18115988199997,0],[112.633118014,-7.18114971299997,0],[112.63315516,-7.18114035999997,0],[112.633192944,-7.18112169199998,0],[112.633235756,-7.18108944599993,0],[112.633271325,-7.18105650199993,0],[112.63328415,-7.18103150599995,0],[112.63330462,-7.18097293999995,0],[112.633324879,-7.18089674799995,0],[112.633364553,-7.18080104799998,0],[112.633432152,-7.18072749199996,0],[112.633521202,-7.18066081499995,0],[112.633778226,-7.18080255899997,0],[112.634067291,-7.18094879899996,0],[112.634189005,-7.18101824999997,0],[112.634398848,-7.18114018099993,0],[112.634558317,-7.18122495299997,0],[112.63462063,-7.18125962899995,0],[112.634707871,-7.18129285799995,0],[112.634956861,-7.18138038499995,0],[112.635122003,-7.18144398399994,0],[112.635315922,-7.18151751499994,0],[112.635404651,-7.18154856899997,0],[112.635430268,-7.18153057799998,0],[112.635468622,-7.18146272799993,0],[112.635521695,-7.18131490799993,0],[112.63559444,-7.18115589799993,0],[112.635612978,-7.18114154799997,0],[112.635641526,-7.18112860899993,0],[112.635699978,-7.18108636299996,0],[112.635743309,-7.18101126499994,0],[112.635745387,-7.18098702699996,0],[112.635739277,-7.18096941999994,0],[112.635700638,-7.18093674099993,0],[112.635494998,-7.18080051099997,0],[112.635221111,-7.18064056899993,0],[112.635132294,-7.18058383799996,0],[112.635127982,-7.18056812499998,0],[112.635128613,-7.18055672999998,0],[112.635136442,-7.18053319799998,0],[112.635256612,-7.18031697399994,0],[112.635358853,-7.18011898399993,0],[112.635363028,-7.18009618699995,0],[112.635362971,-7.18008045699997,0],[112.63526531,-7.18001453799997,0],[112.635243822,-7.17999680499997,0],[112.635228245,-7.17983711499994,0],[112.63522458,-7.17962603399997,0],[112.635237172,-7.17953540299993,0],[112.635268157,-7.17941116799994,0],[112.635324644,-7.17921551099994,0],[112.635350867,-7.17915837299995,0],[112.635383221,-7.17910283899994,0],[112.6354552,-7.17904336799995,0],[112.635520118,-7.17901384499993,0],[112.635580766,-7.17897945599998,0],[112.635706299,-7.17892765899995,0],[112.635789087,-7.17888451399995,0],[112.635835705,-7.17885170999995,0],[112.635924135,-7.17880004699998,0],[112.636060102,-7.17865979599998,0],[112.636162616,-7.17853747399994,0],[112.636290806,-7.17835141599994,0],[112.63637114,-7.17822781799993,0],[112.636414425,-7.17813988099994,0],[112.636471868,-7.17798228099997,0],[112.636492237,-7.17789515099997,0],[112.636499092,-7.17780815599997,0],[112.636457552,-7.17777837999995,0],[112.636268522,-7.17767273799996,0],[112.636150574,-7.17765390199997,0],[112.636062714,-7.17765638499998,0],[112.635899826,-7.17765913499994,0],[112.635674744,-7.17765993699993,0],[112.635546992,-7.17769673499993,0],[112.635490546,-7.17767370199994,0],[112.635320974,-7.17762367999995,0],[112.635155759,-7.17758069399997,0],[112.635141441,-7.17756438299995,0],[112.635142176,-7.17739405599997,0],[112.635150874,-7.17721647099995,0],[112.635155705,-7.17708473499994,0],[112.635309357,-7.17708852599998,0],[112.63531067,-7.17703789499996,0],[112.635304605,-7.17694940999996,0],[112.635280755,-7.17687680999995,0],[112.63526477,-7.17679052999995,0],[112.635235642,-7.17672436799995,0],[112.635166627,-7.17661052299997,0],[112.635104097,-7.17651446499997,0],[112.635065365,-7.17628850099993,0],[112.635058473,-7.17615590099996,0],[112.63506476,-7.17611881299996,0],[112.635105902,-7.17603730299993,0],[112.635114151,-7.17594325199997,0],[112.635114017,-7.17590546399992,0],[112.635122393,-7.17584694199996,0],[112.63523052,-7.17570823899996,0],[112.635302134,-7.17560917099996,0],[112.635317009,-7.17557268599995,0],[112.635634409,-7.17562642899998,0],[112.635686231,-7.17562967999993,0],[112.635702099,-7.17562049299994,0],[112.635850337,-7.17538319699997,0],[112.635874868,-7.17533275399995,0],[112.635899234,-7.17529858299997,0],[112.635912271,-7.17529121399997,0],[112.636000489,-7.17528466099998,0],[112.636124529,-7.17529551999996,0],[112.63615285,-7.17530274199993,0],[112.636221897,-7.17515432499994,0],[112.636266674,-7.17502452399998,0],[112.636275829,-7.17497494899993,0],[112.636367614,-7.17469219799995,0],[112.63650786,-7.17434915499996,0],[112.63653591,-7.17430186399997,0],[112.636626241,-7.17428074899993,0],[112.636762411,-7.17409276399997,0],[112.63678197,-7.17405101799994,0],[112.636823148,-7.17385433199996,0],[112.636909863,-7.17344783499993,0],[112.636771687,-7.17338811799993,0],[112.636663566,-7.17331907399995,0],[112.636447731,-7.17319083599995,0],[112.63625601,-7.17308384599994,0],[112.636272091,-7.17302936499993,0],[112.636290522,-7.17294386699996,0],[112.636356962,-7.17271327899994,0],[112.636202877,-7.17244189099995,0],[112.636191743,-7.17227196999994,0],[112.636200109,-7.17202197199992,0],[112.63622002,-7.17180682799994,0],[112.636001092,-7.17162734099998,0],[112.63604598,-7.17155015699996,0],[112.636101997,-7.17143161699994,0],[112.636186884,-7.17132879599995,0],[112.636325542,-7.17116864799993,0],[112.636451034,-7.17100104299993,0],[112.636525383,-7.17089482399996,0],[112.636561077,-7.17089758999998,0],[112.636638997,-7.17091313299994,0],[112.636723873,-7.17091165499994,0],[112.636809903,-7.17091975599993,0],[112.636943493,-7.17095019899995,0],[112.637114601,-7.17099225999993,0],[112.637308547,-7.17105367799996,0],[112.637438612,-7.17107952199996,0],[112.637528922,-7.17111536099998,0],[112.637564623,-7.17111993499998,0],[112.637601516,-7.17112387199995,0],[112.637654311,-7.17114881599997,0],[112.637708829,-7.17117556199997,0],[112.637755771,-7.17119229999997,0],[112.637806737,-7.17120676399998,0],[112.637869927,-7.17121594099996,0],[112.637905081,-7.17121400699995,0],[112.63794244,-7.17120166999996,0],[112.637987473,-7.17118568799998,0],[112.638029026,-7.17117740499998,0],[112.638118009,-7.17117645399998,0],[112.638217035,-7.17118604499996,0],[112.6383856,-7.17120596599995,0],[112.638649752,-7.17123431599993,0],[112.638836618,-7.17125697199998,0],[112.638892742,-7.17127349699996,0],[112.639317447,-7.17150278399993,0],[112.639407052,-7.17152949599995,0],[112.639673184,-7.17161036299996,0],[112.639844716,-7.17166652299994,0],[112.639875778,-7.17166812999994,0],[112.639938349,-7.17165036799997,0],[112.640102119,-7.17160304599997,0],[112.640164743,-7.17159992899997,0],[112.640317995,-7.17161755299998,0],[112.640469849,-7.17166139899996,0],[112.640513252,-7.17169044399998,0],[112.640515682,-7.17172261999997,0],[112.640515214,-7.17175878299997,0],[112.640462511,-7.17192667099994,0],[112.640443917,-7.17198757999995,0],[112.640399924,-7.17210652799997,0],[112.640358764,-7.17226623899995,0],[112.640328083,-7.17237112699996,0],[112.640309619,-7.17253075699995,0],[112.640327597,-7.17256884499994,0],[112.640335637,-7.17264592999993,0],[112.64036701,-7.17275538799993,0],[112.640484753,-7.17298839199998,0],[112.640529233,-7.17306796999998,0],[112.640601064,-7.17313443099994,0],[112.640697652,-7.17315117399994,0],[112.640861054,-7.17314679199995,0],[112.640943041,-7.17321384999997,0],[112.640983169,-7.17326668399994,0],[112.640998715,-7.17335486299993,0]]]]}},{"type":"Feature","properties":{"fid":14093,"ori_name":"Prambangan","kode_kec":"35.25.14","kode_kd":"35.25.14.2020","kode_kk":"35.25","kode_prov":"35","tipe_kd":1,"kecamatan":"Kebomas","kel_desa":"Prambangan","kab_kota":"Gresik","provinsi":"Jawa Timur","jenis_kd":"Desa","nama":"Desa Prambangan","label":"Desa Prambangan, Kecamatan Kebomas, Kabupaten Gresik, Provinsi Jawa Timur, 35.25.14.2020"},"geometry":{"type":"MultiPolygon","coordinates":[[[[112.623573615,-7.17769223199997,0],[112.623576467,-7.17773823999994,0],[112.623581357,-7.17779119799997,0],[112.623577343,-7.17783822299998,0],[112.623565274,-7.17788699499994,0],[112.623553063,-7.17793829699997,0],[112.623527765,-7.17798331799997,0],[112.623485608,-7.17805334999997,0],[112.623468214,-7.17807456699995,0],[112.623403826,-7.17821230099997,0],[112.623393323,-7.17823982099998,0],[112.623386452,-7.17825991599994,0],[112.623353481,-7.17837276699993,0],[112.623340362,-7.17839984599993,0],[112.623328724,-7.17842311999993,0],[112.623319832,-7.17844222699995,0],[112.623306078,-7.17845809599993,0],[112.623292297,-7.17846664499996,0],[112.623274326,-7.17847249499994,0],[112.623250952,-7.17847049599993,0],[112.623242511,-7.17846944099995,0],[112.623229706,-7.17845836599997,0],[112.623221218,-7.17844366099996,0],[112.623208825,-7.17840130399998,0],[112.623205016,-7.17835900799997,0],[112.623189061,-7.17823855399996,0],[112.623176165,-7.17818092399995,0],[112.623163266,-7.17814344899995,0],[112.623137713,-7.17811650799996,0],[112.623123952,-7.17810968699996,0],[112.623108566,-7.17810766099996,0],[112.62309849,-7.17810814999996,0],[112.623087904,-7.17811297799994,0],[112.623078373,-7.17811933999997,0],[112.623072573,-7.17812623099996,0],[112.623063062,-7.17813846999996,0],[112.623057277,-7.17814960999993,0],[112.623044733,-7.17821194299995,0],[112.623043193,-7.17824105899996,0],[112.62304174,-7.17827388099994,0],[112.623037582,-7.17830092699995,0],[112.623031349,-7.17833268199996,0],[112.623025608,-7.17835593599995,0],[112.623020369,-7.17837340499995,0],[112.623010372,-7.17839621999997,0],[112.622993494,-7.17841535499997,0],[112.622978689,-7.17843023499995,0],[112.622927216,-7.17846250999997,0],[112.622909795,-7.17847586299996,0],[112.622894468,-7.17849074199995,0],[112.622888161,-7.17850188399996,0],[112.622876008,-7.17852733299998,0],[112.622869733,-7.17854742299994,0],[112.622865537,-7.17856380099994,0],[112.622862979,-7.17857917899994,0],[112.622860918,-7.17860883899993,0],[112.622863676,-7.17862835699998,0],[112.622866878,-7.17864742099994,0],[112.62287285,-7.17866801399992,0],[112.622910835,-7.17874824799998,0],[112.622915602,-7.17876622199998,0],[112.622927422,-7.17879429599998,0],[112.622934903,-7.17881967399995,0],[112.622939271,-7.17885139199996,0],[112.622938862,-7.17888312399998,0],[112.622930959,-7.17890747199993,0],[112.622921476,-7.17892811699994,0],[112.622908857,-7.17894832199994,0],[112.622877616,-7.17900177099995,0],[112.622857086,-7.17904415399994,0],[112.622854552,-7.17906640199993,0],[112.622853738,-7.17913149699996,0],[112.622860791,-7.17918381599998,0],[112.622866135,-7.17919600199997,0],[112.622888444,-7.17921337199994,0],[112.622923981,-7.17921378999995,0],[112.622955263,-7.17921367799994,0],[112.622989758,-7.17921509499996,0],[112.623031123,-7.17921657399995,0],[112.623057632,-7.17921801699993,0],[112.623137186,-7.17925190799997,0],[112.623166978,-7.17927449699994,0],[112.623203618,-7.17929136199996,0],[112.623264065,-7.17930543199998,0],[112.623339426,-7.17931465799995,0],[112.623442756,-7.17931646199997,0],[112.623549884,-7.17931554199993,0],[112.62364687,-7.17931799999997,0],[112.623671216,-7.17931999299998,0],[112.623721641,-7.17932984899994,0],[112.62375933,-7.17934716399998,0],[112.623799742,-7.17937459599995,0],[112.623864067,-7.17942987599997,0],[112.623912179,-7.17948141699998,0],[112.62403737,-7.17966883799994,0],[112.624105302,-7.17979389699997,0],[112.624155137,-7.17993131699996,0],[112.624203805,-7.18003420699995,0],[112.624255003,-7.18011394399997,0],[112.624297157,-7.18019054999996,0],[112.624330777,-7.18023942999997,0],[112.624375649,-7.18032497399997,0],[112.624401835,-7.18038255999994,0],[112.624401928,-7.18040904799994,0],[112.624399326,-7.18043337699993,0],[112.624391005,-7.18046568099993,0],[112.624373048,-7.18051754799995,0],[112.62432894,-7.18062664299993,0],[112.624310458,-7.18065690099996,0],[112.624269275,-7.18070622799996,0],[112.62422262,-7.18075023899996,0],[112.624187726,-7.18078372299993,0],[112.624148722,-7.18083729199998,0],[112.624118164,-7.18089399099995,0],[112.624085584,-7.18099093099994,0],[112.624068759,-7.18104595599993,0],[112.624050926,-7.18111165399995,0],[112.624047991,-7.18116825799996,0],[112.62405088,-7.18124599799995,0],[112.624060257,-7.18130092899997,0],[112.624068437,-7.18137602699994,0],[112.624059867,-7.18148562799996,0],[112.624052303,-7.18154206999998,0],[112.624039402,-7.18162998699995,0],[112.624035758,-7.18165540399997,0],[112.624030543,-7.18167919899997,0],[112.62402218,-7.18169984099995,0],[112.624009481,-7.18171896099994,0],[112.623996847,-7.18173536899997,0],[112.623984653,-7.18174870199994,0],[112.623953929,-7.18175884799996,0],[112.623913174,-7.18176052799993,0],[112.623885543,-7.18175854499998,0],[112.623836777,-7.18175392699993,0],[112.623788993,-7.18173194599996,0],[112.623749674,-7.18171780299997,0],[112.623699339,-7.18171318799995,0],[112.62367868,-7.18171904699994,0],[112.623666467,-7.18172758799994,0],[112.623660692,-7.18174080799997,0],[112.623657625,-7.18176043799997,0],[112.623657151,-7.18177417999993,0],[112.62366566,-7.18179467199997,0],[112.623672594,-7.18181317999995,0],[112.623678544,-7.18182798699996,0],[112.62371743,-7.18188814899997,0],[112.623733455,-7.18192298799994,0],[112.623734572,-7.18194314399994,0],[112.623733575,-7.18195688899993,0],[112.62372938,-7.18197380999993,0],[112.623722036,-7.18198703499996,0],[112.623709856,-7.18200506899996,0],[112.623701449,-7.18201305399998,0],[112.623649313,-7.18204804499993,0],[112.623625484,-7.18206512499995,0],[112.623602233,-7.18207677999993,0],[112.623573591,-7.18208429399994,0],[112.623545024,-7.18209126799997,0],[112.623528093,-7.18209611899994,0],[112.623518571,-7.18210564399993,0],[112.623509577,-7.18211679499996,0],[112.623499579,-7.18213961299995,0],[112.623484458,-7.18221217199994,0],[112.623478228,-7.18224500999997,0],[112.623465211,-7.18232172199993,0],[112.62342836,-7.18241388299998,0],[112.623400006,-7.18248124499996,0],[112.623377397,-7.18252679799997,0],[112.623370119,-7.18260077499997,0],[112.623370771,-7.18278438599998,0],[112.623369538,-7.18283664499995,0],[112.623370223,-7.18286150499995,0],[112.623375027,-7.18289005399993,0],[112.623377841,-7.18292548299996,0],[112.623394831,-7.18293762899998,0],[112.62340546,-7.18294545599997,0],[112.62343199,-7.18295331699994,0],[112.623453741,-7.18296011299998,0],[112.623483986,-7.18296271599996,0],[112.623548715,-7.18296348199993,0],[112.623605951,-7.18295640799994,0],[112.623648314,-7.18294459699996,0],[112.623667301,-7.18293024499997,0],[112.623684258,-7.18291219399993,0],[112.623693664,-7.18289100599998,0],[112.623718029,-7.18283550199993,0],[112.623726417,-7.18282172999994,0],[112.623736989,-7.18281373699995,0],[112.62375504,-7.18280888299995,0],[112.623782064,-7.18280878599995,0],[112.62380014,-7.18281089299995,0],[112.623846633,-7.18282736399993,0],[112.623907138,-7.18285779499996,0],[112.623958121,-7.18287669099993,0],[112.623975075,-7.18287870899997,0],[112.624011655,-7.18287812899996,0],[112.624042416,-7.18287901299993,0],[112.624063598,-7.18287315299995,0],[112.624086977,-7.18287623499998,0],[112.62409868,-7.18289210299997,0],[112.624099763,-7.18290313099993,0],[112.624098751,-7.18291217299998,0],[112.624088242,-7.18293851799996,0],[112.624075046,-7.18296451099997,0],[112.624067718,-7.18298198499997,0],[112.624064566,-7.18299836199998,0],[112.624066701,-7.18301109999993,0],[112.624079554,-7.18303537299994,0],[112.624121627,-7.18308919799995,0],[112.624167017,-7.18313116399997,0],[112.624210639,-7.18317964699997,0],[112.624241485,-7.18320394799997,0],[112.62432058,-7.18323485699995,0],[112.624362484,-7.18324103699996,0],[112.624384284,-7.18324095999998,0],[112.624454541,-7.18322163499994,0],[112.62448744,-7.18321464899998,0],[112.62451392,-7.18320822599998,0],[112.624545711,-7.18320485899994,0],[112.624586546,-7.18320426199995,0],[112.624613058,-7.18320678999993,0],[112.624648544,-7.18321353499994,0],[112.624674573,-7.18322718399997,0],[112.624693193,-7.18323561699998,0],[112.624786184,-7.18329025499997,0],[112.624810059,-7.18330662299996,0],[112.624877303,-7.18332166299996,0],[112.624911194,-7.18332100099997,0],[112.624946719,-7.18331770999993,0],[112.624994929,-7.18331274799993,0],[112.625025136,-7.18330468499994,0],[112.625057422,-7.18329354199994,0],[112.62508548,-7.18326848999993,0],[112.625094466,-7.18325525899996,0],[112.625106495,-7.18321607099995,0],[112.62511376,-7.18318060699994,0],[112.625115344,-7.18316414799995,0],[112.625119812,-7.18307698099994,0],[112.625122367,-7.18303945399998,0],[112.625128084,-7.18300978099995,0],[112.625141311,-7.18299228799998,0],[112.625157703,-7.18298318699993,0],[112.625184206,-7.18298309299996,0],[112.62520701,-7.18299259599996,0],[112.625237079,-7.18300867199997,0],[112.62532324,-7.18309461299998,0],[112.625441808,-7.18318306299994,0],[112.625500193,-7.18320509299997,0],[112.625508631,-7.18320560599994,0],[112.625552443,-7.18320273799998,0],[112.625585282,-7.18319945799993,0],[112.62565359,-7.18317797099996,0],[112.625775983,-7.18314426799998,0],[112.625810981,-7.18314043699996,0],[112.625846466,-7.18314663999996,0],[112.625872515,-7.18316607499997,0],[112.625882401,-7.18319605399995,0],[112.625874028,-7.18323477699994,0],[112.625864038,-7.18325967399994,0],[112.625849303,-7.18329353799993,0],[112.6258368,-7.18334701299995,0],[112.625837922,-7.18336825499995,0],[112.625843295,-7.18338884599996,0],[112.625857668,-7.18339991499994,0],[112.625872551,-7.18340727499998,0],[112.625898553,-7.18341351099997,0],[112.625920281,-7.18341451899994,0],[112.625990724,-7.18340468699995,0],[112.626070159,-7.18338433499997,0],[112.626176556,-7.18336660199998,0],[112.626294831,-7.18337205699993,0],[112.626401984,-7.18339861799996,0],[112.626514268,-7.18344079999997,0],[112.626567985,-7.18349412999993,0],[112.626590419,-7.18354639499995,0],[112.626612,-7.18365317699994,0],[112.62662413,-7.18372599999998,0],[112.626629564,-7.18376358899997,0],[112.626637135,-7.18379312499997,0],[112.626657994,-7.18384331599998,0],[112.626671268,-7.18386080799996,0],[112.626698938,-7.18387390899994,0],[112.626722244,-7.18387753299993,0],[112.626737623,-7.18387747899993,0],[112.626761483,-7.18386889499993,0],[112.626776833,-7.18386043499993,0],[112.626811695,-7.18383906399993,0],[112.626836564,-7.18382053299996,0],[112.62686147,-7.18381194899996,0],[112.626897507,-7.18380603299994,0],[112.626920277,-7.18380595499997,0],[112.626966234,-7.18381817499994,0],[112.627014552,-7.18384340699993,0],[112.627086324,-7.18389341799997,0],[112.627161291,-7.18395932899995,0],[112.627177852,-7.18397671799994,0],[112.627188511,-7.18399304299993,0],[112.627198067,-7.18401416399996,0],[112.627195925,-7.18404156399993,0],[112.627193271,-7.18405106799997,0],[112.627176398,-7.18407182899995,0],[112.627156285,-7.18408455699995,0],[112.627131999,-7.18409892899996,0],[112.627076891,-7.18411657099995,0],[112.627034533,-7.18412946899997,0],[112.627004355,-7.18414594099994,0],[112.626980017,-7.18416663799997,0],[112.626961112,-7.18420431299995,0],[112.626944259,-7.18425147399995,0],[112.626941396,-7.18428629099998,0],[112.626940347,-7.18430582099995,0],[112.626950988,-7.18431744499998,0],[112.626981307,-7.18434066399993,0],[112.627064698,-7.18438267599993,0],[112.627207463,-7.18443080699996,0],[112.627292813,-7.18447787599996,0],[112.627332732,-7.18451317399996,0],[112.627369981,-7.18455381599995,0],[112.627425517,-7.18465685899997,0],[112.627439479,-7.18465708099995,0],[112.628029542,-7.18460942299993,0],[112.628206763,-7.18468916299997,0],[112.628585159,-7.18486736399996,0],[112.628932869,-7.18502379499995,0],[112.629130215,-7.18511575999997,0],[112.629140157,-7.18509827499997,0],[112.629219738,-7.18497169699998,0],[112.629424145,-7.18511787799997,0],[112.629565854,-7.18520470599998,0],[112.629633913,-7.18523881799996,0],[112.629744401,-7.18532177899993,0],[112.629806016,-7.18547524799993,0],[112.629840897,-7.18562600899998,0],[112.629906048,-7.18580785399996,0],[112.629889678,-7.18582300899993,0],[112.629787986,-7.18592525699995,0],[112.629635236,-7.18607117099998,0],[112.629478211,-7.18623246899995,0],[112.629262414,-7.18622157299995,0],[112.629194102,-7.18638852299995,0],[112.629082773,-7.18667748999997,0],[112.628726557,-7.18669041899994,0],[112.628712957,-7.18672924999993,0],[112.62865837,-7.18699812799997,0],[112.628592346,-7.18732580899996,0],[112.628591058,-7.18736206599993,0],[112.628580214,-7.18739880799995,0],[112.628502961,-7.18763431599996,0],[112.628476906,-7.18769705999995,0],[112.628443365,-7.18790167499998,0],[112.62843191,-7.18795505399993,0],[112.628339293,-7.18802689299997,0],[112.6281459,-7.18816499599995,0],[112.628061989,-7.18824991299994,0],[112.628007514,-7.18825679699995,0],[112.627932794,-7.18819712299995,0],[112.627847092,-7.18815638499996,0],[112.627731297,-7.18811349099997,0],[112.627637715,-7.18806165999996,0],[112.627488279,-7.18794348899996,0],[112.627386966,-7.18790054399994,0],[112.627323558,-7.18789416999994,0],[112.627295799,-7.18789761399995,0],[112.627217388,-7.18787058999993,0],[112.62711816,-7.18780548899997,0],[112.627003446,-7.18775156499993,0],[112.626951158,-7.18774397299995,0],[112.626781996,-7.18768355199995,0],[112.626727322,-7.18763483499993,0],[112.626675752,-7.18751414699994,0],[112.626633787,-7.18740707699993,0],[112.626564426,-7.18730082499997,0],[112.626476359,-7.18722456499995,0],[112.626377242,-7.18716940699994,0],[112.626356746,-7.18720003699997,0],[112.626328793,-7.18725437899997,0],[112.626269678,-7.18738395999998,0],[112.626145822,-7.18763554199995,0],[112.626097013,-7.18778732499993,0],[112.62607332,-7.18792690499993,0],[112.626050215,-7.18823137899994,0],[112.6260298,-7.18845321699996,0],[112.6259988,-7.18878375499997,0],[112.625983316,-7.18896453099995,0],[112.625965753,-7.18912732099994,0],[112.625941255,-7.18931319099994,0],[112.625901654,-7.18951412199993,0],[112.625873328,-7.18975722899995,0],[112.625819105,-7.19008685799997,0],[112.625777785,-7.19035017499994,0],[112.625732538,-7.19066358699996,0],[112.625695526,-7.19100418299996,0],[112.625672022,-7.19119691999992,0],[112.625621548,-7.19169920799993,0],[112.625592448,-7.19201871199994,0],[112.625596552,-7.19203876899996,0],[112.626028858,-7.19190262099994,0],[112.626040035,-7.19185475699993,0],[112.626205069,-7.19184512999993,0],[112.626616335,-7.19181763399996,0],[112.627057981,-7.19178894399994,0],[112.627142577,-7.19191674899997,0],[112.627165761,-7.19192769399996,0],[112.627325749,-7.19192712599994,0],[112.627539154,-7.19193640299994,0],[112.627545135,-7.19204369199997,0],[112.627507227,-7.19230021499993,0],[112.627488521,-7.19245622999995,0],[112.627467713,-7.19267228199993,0],[112.627450437,-7.19278905599998,0],[112.627430564,-7.19307869299996,0],[112.627453548,-7.19320165199997,0],[112.627482874,-7.19332314299993,0],[112.6274985,-7.19339233799997,0],[112.627496678,-7.19380305299995,0],[112.627528348,-7.19391178799998,0],[112.62760106,-7.19414133899994,0],[112.627747617,-7.19449782699996,0],[112.62781831,-7.19462143099997,0],[112.627910862,-7.19478220399998,0],[112.627932166,-7.19485255299998,0],[112.628033715,-7.19531732499996,0],[112.628028785,-7.19575917899994,0],[112.628028226,-7.19580923699993,0],[112.628029514,-7.19583591799994,0],[112.627976405,-7.19585296199995,0],[112.627295158,-7.19609462299996,0],[112.627293667,-7.19609515199994,0],[112.627291579,-7.19609607699994,0],[112.626724618,-7.19634734099998,0],[112.625912863,-7.19678149099997,0],[112.625679898,-7.19692099599996,0],[112.625611443,-7.19696766399994,0],[112.625443956,-7.19708184499996,0],[112.62515034,-7.19732976099993,0],[112.625082943,-7.19741906999997,0],[112.624901268,-7.19765981199993,0],[112.624714555,-7.19793325599994,0],[112.624529385,-7.19821126599993,0],[112.624306095,-7.19849703199998,0],[112.623877556,-7.19899382499995,0],[112.623348639,-7.19948561699994,0],[112.622933438,-7.19987849099994,0],[112.6228867,-7.19992271499996,0],[112.622366519,-7.20039545099996,0],[112.621993438,-7.20068257199995,0],[112.621658852,-7.20092485299995,0],[112.621574358,-7.20098218099997,0],[112.62152935,-7.20101271799996,0],[112.621565655,-7.20120285799993,0],[112.621558336,-7.20130049599993,0],[112.621533837,-7.20141733499997,0],[112.621543603,-7.20146897799998,0],[112.621596618,-7.20155683199994,0],[112.621656317,-7.20163796399993,0],[112.621714137,-7.20172962999993,0],[112.621786749,-7.20177052299994,0],[112.621851965,-7.20178608199996,0],[112.621902931,-7.20179838699994,0],[112.621932046,-7.20180541599996,0],[112.622016537,-7.20185200899994,0],[112.622070865,-7.20187119499997,0],[112.622142431,-7.20188744899997,0],[112.622203525,-7.20188902699994,0],[112.62228549,-7.20189914399998,0],[112.62236026,-7.20190677399995,0],[112.622435071,-7.20192624599997,0],[112.62248253,-7.20193361399993,0],[112.622531912,-7.20193136599994,0],[112.622603518,-7.20192512999995,0],[112.622683931,-7.20191423899996,0],[112.622756807,-7.20189015899996,0],[112.622821048,-7.20186732299993,0],[112.622875939,-7.20184272499995,0],[112.622931527,-7.20181202399993,0],[112.622979482,-7.20177689999997,0],[112.623031152,-7.20173576999997,0],[112.623078567,-7.20169714299993,0],[112.623157685,-7.20163076999995,0],[112.623221894,-7.20156534799997,0],[112.623284161,-7.20150968199994,0],[112.623337582,-7.20147575899995,0],[112.623422128,-7.20140332599993,0],[112.623486262,-7.20135070399994,0],[112.6235445,-7.20129044599997,0],[112.623604394,-7.20122411199998,0],[112.623670239,-7.20114743899995,0],[112.623746023,-7.20106977399996,0],[112.623872504,-7.20096728699997,0],[112.623933056,-7.20091754799995,0],[112.623991876,-7.20085274299993,0],[112.624036586,-7.20078767699994,0],[112.624081021,-7.20075306799993,0],[112.624132711,-7.20073781199994,0],[112.62425416,-7.20073594599995,0],[112.624391441,-7.20073976499998,0],[112.624539502,-7.20074361699994,0],[112.624634143,-7.20074794699997,0],[112.62469632,-7.20075131399994,0],[112.624758174,-7.20076473199993,0],[112.624842004,-7.20079386099997,0],[112.624921926,-7.20083592399993,0],[112.625008788,-7.20087556999994,0],[112.62507933,-7.20090689999995,0],[112.625168139,-7.20095538999993,0],[112.625303548,-7.20103912399998,0],[112.625386114,-7.20108332999996,0],[112.625461948,-7.20112086199993,0],[112.625507627,-7.20116663399995,0],[112.625537941,-7.20120289199997,0],[112.625562092,-7.20125783299994,0],[112.62560075,-7.20135004399998,0],[112.625648127,-7.20146901999993,0],[112.625709176,-7.20152526499993,0],[112.625727508,-7.20156060799997,0],[112.625735778,-7.20159550899996,0],[112.625750492,-7.20169115499993,0],[112.625753062,-7.20171056799995,0],[112.625765508,-7.20180460099994,0],[112.625774842,-7.20192846199996,0],[112.625780594,-7.20200479599993,0],[112.625796372,-7.20219709299994,0],[112.625815804,-7.20240660299993,0],[112.625820662,-7.20246433299997,0],[112.62582631,-7.20253145199996,0],[112.625825267,-7.20264198699994,0],[112.625810415,-7.20270950699995,0],[112.625837254,-7.20277903199997,0],[112.625845415,-7.20285077699998,0],[112.625837735,-7.20291396499994,0],[112.625812809,-7.20297793199995,0],[112.625787147,-7.20303687799998,0],[112.625749978,-7.20309371099995,0],[112.625745375,-7.20310023799993,0],[112.625718515,-7.20313832299996,0],[112.625712919,-7.20318140699993,0],[112.625718804,-7.20321942599998,0],[112.625722569,-7.20322811499994,0],[112.625738369,-7.20326457399995,0],[112.625773686,-7.20329315799995,0],[112.62583053,-7.20331233499996,0],[112.625820807,-7.20340710999994,0],[112.62575353,-7.20368726699996,0],[112.625696753,-7.20388843499995,0],[112.62564671,-7.20415425899995,0],[112.625608444,-7.20430655499996,0],[112.625548065,-7.20450558299996,0],[112.625473308,-7.20470322599994,0],[112.625401666,-7.20496832599997,0],[112.625363593,-7.20510972399995,0],[112.625354853,-7.20514218499994,0],[112.625354016,-7.20515767799998,0],[112.625346088,-7.20530442399996,0],[112.625353149,-7.20547091399993,0],[112.625355172,-7.20563526899997,0],[112.625345689,-7.20579751099996,0],[112.625313855,-7.20593973599995,0],[112.625280492,-7.20605612799994,0],[112.625229151,-7.20613609899993,0],[112.625219517,-7.20614446799993,0],[112.625163475,-7.20619315299996,0],[112.625076934,-7.20627719699996,0],[112.625041341,-7.20637302199998,0],[112.625005972,-7.20653164699996,0],[112.624957311,-7.20666829599998,0],[112.624884413,-7.20687300499998,0],[112.624777283,-7.20706179099994,0],[112.624616316,-7.20726871299996,0],[112.624443318,-7.20746072399993,0],[112.62430182,-7.20757256999997,0],[112.62423429,-7.20762594799993,0],[112.62394133,-7.20776754599996,0],[112.623651163,-7.20785231299993,0],[112.623453665,-7.20789189099997,0],[112.623214223,-7.20792563799995,0],[112.622935916,-7.20797746599993,0],[112.622654804,-7.20806926999995,0],[112.622505038,-7.20813345099998,0],[112.622462012,-7.20816317499998,0],[112.622416247,-7.20814662199996,0],[112.62236217,-7.20814617199994,0],[112.622248996,-7.20818193299993,0],[112.62215273,-7.20826520899993,0],[112.622038953,-7.20831254399997,0],[112.62195663,-7.20833405399998,0],[112.621849881,-7.20836657599995,0],[112.621741108,-7.20837210499997,0],[112.621645206,-7.20838534499995,0],[112.62164073,-7.20838596299996,0],[112.621531371,-7.20840820999996,0],[112.621469538,-7.20842697499995,0],[112.621428482,-7.20843943499995,0],[112.621311437,-7.20847263799993,0],[112.621228772,-7.20851369199994,0],[112.621174568,-7.20854319899996,0],[112.621120639,-7.20858453699998,0],[112.621050609,-7.20862400199997,0],[112.621016549,-7.20864019499993,0],[112.620972178,-7.20865385399998,0],[112.620938729,-7.20866104399994,0],[112.620895593,-7.20865991099993,0],[112.620840864,-7.20865689199996,0],[112.62083459,-7.20865597499994,0],[112.620660518,-7.20863052899995,0],[112.620627421,-7.20863213499996,0],[112.620446184,-7.20864093199998,0],[112.620359937,-7.20864509499995,0],[112.620272374,-7.20864285899995,0],[112.620227311,-7.20864170799996,0],[112.620074058,-7.20863067799996,0],[112.620011654,-7.20864247199995,0],[112.619982595,-7.20865139499995,0],[112.619942212,-7.20866379599994,0],[112.619896491,-7.20866152599996,0],[112.619857836,-7.20865330299995,0],[112.619854808,-7.20864023199994,0],[112.619845693,-7.20860087899996,0],[112.619836261,-7.20856015899994,0],[112.619810919,-7.20849402999994,0],[112.619797039,-7.20847046099993,0],[112.619788251,-7.20845553699996,0],[112.619781236,-7.20839445399997,0],[112.619780148,-7.20837294399996,0],[112.619779547,-7.20836106099995,0],[112.619777356,-7.20835682599994,0],[112.619765934,-7.20833474899996,0],[112.61976061,-7.20828590599996,0],[112.619762207,-7.20826937099997,0],[112.619764336,-7.20824731999994,0],[112.619745479,-7.20817280699993,0],[112.619685986,-7.20793771799993,0],[112.619664144,-7.20783935099996,0],[112.619646824,-7.20767547199995,0],[112.619639262,-7.20749984399993,0],[112.619634193,-7.20738170899995,0],[112.619636917,-7.20724283199996,0],[112.619648686,-7.20711228299996,0],[112.619662017,-7.20702222499995,0],[112.619700356,-7.20676322199995,0],[112.619700865,-7.20675978599996,0],[112.619707774,-7.20673520299994,0],[112.619744094,-7.20660597899996,0],[112.619756499,-7.20655116199993,0],[112.619787193,-7.20641552699993,0],[112.619890976,-7.20609242099994,0],[112.619940616,-7.20599192599997,0],[112.620030312,-7.20581033499997,0],[112.620156567,-7.20547043599993,0],[112.620234437,-7.20510113199998,0],[112.620237011,-7.20508072299998,0],[112.620254472,-7.20494226499994,0],[112.620289137,-7.20473384099995,0],[112.620303839,-7.20456975299993,0],[112.620341672,-7.20434674499995,0],[112.620419329,-7.20397787199994,0],[112.620458549,-7.20385962799998,0],[112.620470282,-7.20382425199995,0],[112.620524798,-7.20370662199997,0],[112.620615633,-7.20342342299995,0],[112.620653737,-7.20327670599994,0],[112.620699497,-7.20311110299997,0],[112.620713678,-7.20299533099995,0],[112.620726017,-7.20284441899997,0],[112.620733443,-7.20276038499998,0],[112.620722635,-7.20261727199994,0],[112.620691129,-7.20244679999996,0],[112.620665137,-7.20237831399993,0],[112.620605495,-7.20226108899993,0],[112.620551624,-7.20218775899997,0],[112.620547709,-7.20218242999994,0],[112.620463894,-7.20202585799996,0],[112.620387941,-7.20190551999997,0],[112.620332164,-7.20181022199995,0],[112.620276694,-7.20171544899995,0],[112.619996625,-7.20180558999994,0],[112.619946272,-7.20182403599995,0],[112.619750891,-7.20189560999995,0],[112.619697486,-7.20191834399998,0],[112.619472348,-7.20201418499994,0],[112.619398935,-7.20204543699998,0],[112.619080235,-7.20221343399993,0],[112.618852193,-7.20236805399998,0],[112.618758277,-7.20243173299997,0],[112.61846878,-7.20269508399997,0],[112.618459234,-7.20270376799994,0],[112.618447991,-7.20271399499995,0],[112.618184593,-7.20298694599995,0],[112.617923695,-7.20331932199997,0],[112.617747326,-7.20360682499995,0],[112.617597076,-7.20383708699995,0],[112.617493711,-7.20405689799998,0],[112.617404074,-7.20427551599994,0],[112.617393815,-7.20431215699995,0],[112.617303493,-7.20463475599996,0],[112.617252909,-7.20489323899994,0],[112.617257322,-7.20492800299996,0],[112.617272924,-7.20505089399995,0],[112.617301071,-7.20524280999996,0],[112.617273148,-7.20575951699993,0],[112.617253891,-7.20613789799995,0],[112.617180815,-7.20650846999996,0],[112.617082182,-7.20677169499993,0],[112.616968377,-7.20695268299994,0],[112.616801955,-7.20714071499998,0],[112.616617066,-7.20728537899993,0],[112.616434317,-7.20738774699993,0],[112.616174918,-7.20749838599994,0],[112.615962343,-7.20758142899996,0],[112.615795717,-7.20764043499997,0],[112.615545264,-7.20769160999993,0],[112.615267305,-7.20773259599997,0],[112.61496697,-7.20775594399993,0],[112.614833029,-7.20774527399993,0],[112.614688669,-7.20770035099997,0],[112.614557787,-7.20758337599995,0],[112.614452437,-7.20740459199993,0],[112.614397412,-7.20713648099996,0],[112.614399855,-7.20685702199995,0],[112.614479947,-7.20644699499996,0],[112.614518062,-7.20630408699998,0],[112.614584986,-7.20605316399997,0],[112.614634396,-7.20590937299994,0],[112.614713273,-7.20567982699993,0],[112.614802321,-7.20537520399995,0],[112.614872987,-7.20496996499998,0],[112.614933613,-7.20463839999996,0],[112.615007011,-7.20427811399998,0],[112.615077069,-7.20394355599996,0],[112.615142989,-7.20355051599995,0],[112.615149321,-7.20325924799994,0],[112.61513747,-7.20282125699993,0],[112.615136999,-7.20244580299993,0],[112.615112411,-7.20228902099996,0],[112.615066493,-7.20216831699997,0],[112.614899663,-7.20183716599996,0],[112.614683229,-7.20155676599995,0],[112.614423987,-7.20130651899996,0],[112.614071301,-7.20108831799996,0],[112.613754931,-7.20094542299995,0],[112.613540867,-7.20084931399998,0],[112.613004012,-7.20073634099998,0],[112.612853319,-7.20072928899998,0],[112.612934175,-7.20055479399997,0],[112.612989763,-7.20048209299995,0],[112.61306891,-7.20039945399998,0],[112.613247667,-7.20017308299998,0],[112.613234341,-7.20001528099993,0],[112.613225947,-7.19994271499996,0],[112.613315645,-7.19984602599993,0],[112.613495423,-7.19957101199998,0],[112.613664786,-7.19953850099995,0],[112.613896184,-7.19946246799998,0],[112.613982664,-7.19940574999993,0],[112.614144033,-7.19924543499997,0],[112.614219085,-7.19916624699994,0],[112.614262081,-7.19908002899996,0],[112.614434019,-7.19869917599993,0],[112.614454626,-7.19867858199996,0],[112.614499999,-7.19867290699995,0],[112.614545368,-7.19866587599995,0],[112.614592064,-7.19865468199993,0],[112.614627694,-7.19861748999995,0],[112.614627641,-7.19860239199994,0],[112.614593029,-7.19854763799998,0],[112.614561036,-7.19843103799997,0],[112.614573207,-7.19836816299994,0],[112.614623886,-7.19830072499997,0],[112.61470889,-7.19822764699995,0],[112.614792513,-7.19814499299997,0],[112.614800561,-7.19809831399994,0],[112.614797644,-7.19803377499994,0],[112.614722588,-7.19781580099993,0],[112.614688175,-7.19781728099997,0],[112.614563028,-7.19781229699993,0],[112.614381471,-7.19781564799996,0],[112.614320913,-7.19781314999994,0],[112.614265803,-7.19778857299997,0],[112.614234773,-7.19775468999995,0],[112.614184989,-7.19767386199993,0],[112.614072871,-7.19746831399993,0],[112.61400778,-7.19734504899998,0],[112.613986818,-7.19726547599993,0],[112.613976799,-7.19715566899993,0],[112.613986031,-7.19702147399994,0],[112.613997701,-7.19681693599995,0],[112.613986964,-7.19650399199998,0],[112.613995013,-7.19643670199997,0],[112.61406214,-7.19629136299994,0],[112.614108755,-7.19625684399995,0],[112.614130678,-7.19622792799993,0],[112.6142016,-7.19565694799996,0],[112.614237803,-7.19502126999993,0],[112.614250403,-7.19495287999996,0],[112.614423139,-7.19441824499995,0],[112.614418429,-7.19439520799995,0],[112.614039273,-7.19413020999997,0],[112.613957876,-7.19406187899995,0],[112.613997528,-7.19361974699996,0],[112.614006775,-7.19351131799993,0],[112.61421112,-7.19294230899993,0],[112.61425796,-7.19284486999993,0],[112.61438896,-7.19256297399994,0],[112.614396767,-7.19242706699993,0],[112.614378728,-7.19239277599996,0],[112.613884532,-7.19208749999996,0],[112.613493019,-7.19183212999997,0],[112.613183195,-7.19160187299997,0],[112.612952889,-7.19143660899994,0],[112.612856577,-7.19143559099996,0],[112.612794705,-7.19144132299994,0],[112.61270518,-7.19139634499993,0],[112.612685822,-7.19136892899996,0],[112.612693954,-7.19132496399993,0],[112.612760912,-7.19121633199995,0],[112.612950049,-7.19090702099993,0],[112.613172694,-7.19038206599993,0],[112.613289927,-7.19009199399994,0],[112.613638622,-7.18946922799995,0],[112.61394924,-7.18893157899993,0],[112.61404212,-7.18874320699996,0],[112.614011674,-7.18870489199998,0],[112.614048596,-7.18863198599996,0],[112.614178756,-7.18849284499993,0],[112.614364035,-7.18846597499993,0],[112.614469905,-7.18844634799996,0],[112.615081792,-7.18880382399993,0],[112.615189031,-7.18841090499996,0],[112.615358617,-7.18808376299995,0],[112.61554836,-7.18769326599994,0],[112.615576599,-7.18750783499996,0],[112.615654268,-7.18736725199994,0],[112.615704887,-7.18728335999998,0],[112.616233724,-7.18748463499998,0],[112.616354801,-7.18750075399993,0],[112.616464863,-7.18750578799995,0],[112.616526744,-7.18750285799996,0],[112.616554193,-7.18749588999998,0],[112.616569295,-7.18748073899997,0],[112.616578644,-7.18740105899997,0],[112.616601274,-7.18714992399993,0],[112.616618757,-7.18704833699996,0],[112.616654115,-7.18693430099995,0],[112.616715442,-7.18677479099995,0],[112.616764634,-7.18668818999993,0],[112.616826305,-7.18662613499993,0],[112.616912747,-7.18656001499994,0],[112.61696567,-7.18651489699994,0],[112.617042339,-7.18642946399996,0],[112.617079314,-7.18637174599996,0],[112.617081413,-7.18620557299994,0],[112.617088256,-7.18617679999994,0],[112.617106099,-7.18617673699993,0],[112.617473463,-7.18621250799993,0],[112.6175945,-7.18621750599993,0],[112.617813016,-7.18625786799993,0],[112.618011186,-7.18628736399995,0],[112.618260323,-7.18633177799995,0],[112.618466793,-7.18638601599997,0],[112.618507713,-7.18628290199996,0],[112.618598522,-7.18586834199994,0],[112.618648683,-7.18567596299994,0],[112.618835571,-7.18517599499995,0],[112.618855958,-7.18511408499995,0],[112.618898174,-7.18499731399993,0],[112.61892705,-7.18499305299997,0],[112.618969649,-7.18498467599994,0],[112.619072896,-7.18460406599996,0],[112.619156059,-7.18432830999996,0],[112.619224305,-7.18418396099997,0],[112.619256983,-7.18409325899995,0],[112.619290769,-7.18391495199995,0],[112.61931489,-7.18372682299997,0],[112.619373254,-7.18351109099996,0],[112.619580106,-7.18280926699993,0],[112.619660145,-7.18249491799997,0],[112.619685769,-7.18235207599997,0],[112.619700278,-7.18216940599996,0],[112.619795206,-7.18169570899994,0],[112.619807364,-7.18165037299997,0],[112.619908732,-7.18151965099997,0],[112.620008684,-7.18126299899996,0],[112.620086378,-7.18106636399995,0],[112.620195136,-7.18070363599998,0],[112.620517909,-7.18081875699994,0],[112.62090885,-7.18095696299997,0],[112.62103295,-7.18102631699998,0],[112.621624358,-7.18005191899994,0],[112.622261862,-7.17889826499993,0],[112.622296229,-7.17873713399996,0],[112.622648452,-7.17801969899995,0],[112.622958826,-7.17737563799994,0],[112.623289546,-7.17754334699993,0],[112.623573615,-7.17769223199997,0]]]]}},{"type":"Feature","properties":{"fid":14286,"ori_name":"Randuagung","kode_kec":"35.25.14","kode_kd":"35.25.14.2004","kode_kk":"35.25","kode_prov":"35","tipe_kd":1,"kecamatan":"Kebomas","kel_desa":"Randuagung","kab_kota":"Gresik","provinsi":"Jawa Timur","jenis_kd":"Desa","nama":"Desa Randuagung","label":"Desa Randuagung, Kecamatan Kebomas, Kabupaten Gresik, Provinsi Jawa Timur, 35.25.14.2004"},"geometry":{"type":"MultiPolygon","coordinates":[[[[112.629485641,-7.15281778299993,0],[112.629398129,-7.15301500599998,0],[112.629277367,-7.15329550799993,0],[112.629428715,-7.15336269599993,0],[112.629767287,-7.15351299699995,0],[112.630005966,-7.15361895299998,0],[112.630788001,-7.15396611899996,0],[112.631041577,-7.15406851899996,0],[112.631819318,-7.15438258699993,0],[112.631868563,-7.15440247199996,0],[112.632264508,-7.15456913199995,0],[112.633632834,-7.15519060099996,0],[112.633661477,-7.15520360999994,0],[112.634230503,-7.15549532599994,0],[112.634232243,-7.15549618499995,0],[112.634232283,-7.15549620499996,0],[112.634464025,-7.15561499699993,0],[112.634452223,-7.15571773799996,0],[112.634382975,-7.15587284699996,0],[112.634315328,-7.15597406999996,0],[112.634237115,-7.15610606799993,0],[112.634202531,-7.15620536399996,0],[112.634157751,-7.15635523399993,0],[112.634119994,-7.15652767999995,0],[112.63409606,-7.15666174299997,0],[112.63399803,-7.15701485099993,0],[112.633892141,-7.15715273299998,0],[112.633742805,-7.15735341799996,0],[112.633618948,-7.15751857499993,0],[112.633381446,-7.15792849999997,0],[112.633301441,-7.15806059399995,0],[112.633192304,-7.15827162399995,0],[112.633085001,-7.15849947499993,0],[112.633000184,-7.15867957999995,0],[112.632893937,-7.15884304699995,0],[112.632706465,-7.15908916099994,0],[112.632682172,-7.15912233599994,0],[112.632659664,-7.15915369499993,0],[112.632605907,-7.15925658599997,0],[112.632588712,-7.15931233599997,0],[112.632497349,-7.15965149799996,0],[112.632428727,-7.15996155899995,0],[112.632352728,-7.16017066299997,0],[112.632123906,-7.16067096199993,0],[112.631893573,-7.16112434599995,0],[112.631716411,-7.16147800499994,0],[112.631594012,-7.16188571399994,0],[112.631519758,-7.16214471699993,0],[112.63128956,-7.16265731299995,0],[112.6312167,-7.16284678899996,0],[112.631074219,-7.16298136399996,0],[112.630901279,-7.16341013499994,0],[112.630669211,-7.16398502899995,0],[112.630530889,-7.16440789099994,0],[112.630445901,-7.16454569999996,0],[112.630535004,-7.16457837999997,0],[112.63049515,-7.16466558099995,0],[112.630452067,-7.16481020099997,0],[112.630435131,-7.16493908799993,0],[112.630430171,-7.16499280599993,0],[112.630367902,-7.16513749399996,0],[112.630244945,-7.16536764899996,0],[112.63014609,-7.16553163299994,0],[112.630113006,-7.16554910699995,0],[112.62984755,-7.16544734799993,0],[112.629716444,-7.16535903599993,0],[112.629634247,-7.16529495799995,0],[112.629562322,-7.16518030899994,0],[112.629518786,-7.16519791099995,0],[112.629315947,-7.16536397999994,0],[112.629137842,-7.16578933399995,0],[112.629030217,-7.16606969999998,0],[112.628764334,-7.16593114699998,0],[112.628325734,-7.16594951599996,0],[112.62754461,-7.16550052999997,0],[112.626983408,-7.16509126199998,0],[112.626294724,-7.16468940699997,0],[112.626072345,-7.16456651899995,0],[112.625398022,-7.16429841099995,0],[112.625277769,-7.16425987199995,0],[112.625023286,-7.16419938499996,0],[112.624509981,-7.16409714299994,0],[112.623665376,-7.16387139999995,0],[112.622780538,-7.16362563799993,0],[112.621606456,-7.16311564499995,0],[112.620196622,-7.16262708999994,0],[112.620280027,-7.16354106599994,0],[112.620346824,-7.16425457999998,0],[112.619785714,-7.16439876599998,0],[112.619238809,-7.16459036199996,0],[112.619141739,-7.16433087799993,0],[112.618974026,-7.16429801899994,0],[112.618453947,-7.16417997199994,0],[112.618207362,-7.16398836699994,0],[112.617956734,-7.16375039799993,0],[112.617707249,-7.16351983699997,0],[112.617304003,-7.16325356499993,0],[112.616863361,-7.16269188799993,0],[112.616682345,-7.16248513399995,0],[112.616449742,-7.16229908299994,0],[112.615878727,-7.16198322399993,0],[112.615822743,-7.16196389299995,0],[112.615834199,-7.16193112799994,0],[112.616156016,-7.16129146099996,0],[112.61506912,-7.16088221499996,0],[112.614905229,-7.16115048099994,0],[112.613954124,-7.16082483399992,0],[112.613707562,-7.16063883099997,0],[112.613604506,-7.16014051299993,0],[112.612804728,-7.15939096399995,0],[112.612597575,-7.15841593899995,0],[112.612584591,-7.15839609499994,0],[112.612878229,-7.15838322299993,0],[112.613253327,-7.15837395399996,0],[112.613307753,-7.15838041699993,0],[112.614160585,-7.15848169999992,0],[112.614308516,-7.15747469499996,0],[112.61419241,-7.15742619299994,0],[112.614308471,-7.15682485999997,0],[112.615105473,-7.15706236299997,0],[112.615406854,-7.15638561399993,0],[112.615650691,-7.15584015399997,0],[112.616229494,-7.15616529999994,0],[112.616844739,-7.15649357199993,0],[112.616900323,-7.15644211699993,0],[112.617053662,-7.15629476099997,0],[112.617313808,-7.15607795799997,0],[112.617371591,-7.15601537499998,0],[112.617393796,-7.15598193699998,0],[112.617560055,-7.15553945099998,0],[112.617670728,-7.15529641399996,0],[112.61777023,-7.15506019599997,0],[112.617779047,-7.15502011599995,0],[112.617788943,-7.15494694299997,0],[112.61777301,-7.15493822999997,0],[112.617723765,-7.15494536399996,0],[112.617133012,-7.15470316299997,0],[112.616782982,-7.15451580699994,0],[112.616926052,-7.15414455099994,0],[112.616960645,-7.15404512399994,0],[112.617135017,-7.15383997999993,0],[112.61722,-7.15374000099996,0],[112.61739,-7.15347999999994,0],[112.61758,-7.15310999999997,0],[112.617619999,-7.15304999999995,0],[112.617740001,-7.15284999999994,0],[112.617832417,-7.15276160099995,0],[112.61797,-7.15262999999993,0],[112.61807,-7.15257000099996,0],[112.61814,-7.15241000099996,0],[112.618473375,-7.15179588899997,0],[112.61852,-7.15171000099997,0],[112.61873,-7.15175999999997,0],[112.61889,-7.15175000099993,0],[112.61925,-7.15165999999994,0],[112.6194,-7.15157999999997,0],[112.61972,-7.15091000099994,0],[112.619765119,-7.15087390499997,0],[112.61982,-7.15083000099997,0],[112.61991,-7.15073999999993,0],[112.61992,-7.15064999999993,0],[112.61997,-7.15046999999993,0],[112.62015,-7.15009999999995,0],[112.620254133,-7.14983019999994,0],[112.620369999,-7.14952999999997,0],[112.6204,-7.14941000099998,0],[112.620457816,-7.14929436599994,0],[112.620490001,-7.14922999999993,0],[112.620513309,-7.14909791699995,0],[112.620554698,-7.14901331599998,0],[112.621283142,-7.14941549799994,0],[112.621523587,-7.14954085799997,0],[112.622156406,-7.14985920799995,0],[112.622197706,-7.14986421499998,0],[112.622844091,-7.15017618799993,0],[112.623078302,-7.15026974599994,0],[112.62321013,-7.15031050599993,0],[112.623434942,-7.15038438899995,0],[112.623716797,-7.15054567399994,0],[112.624029679,-7.15069916399995,0],[112.624626728,-7.15094946899995,0],[112.624660428,-7.15098026899994,0],[112.62520068,-7.15121278399994,0],[112.625541525,-7.15135713499996,0],[112.625634025,-7.15125374499996,0],[112.626419995,-7.15162452499993,0],[112.626998635,-7.15175637199997,0],[112.627210588,-7.15184584799994,0],[112.627737816,-7.15204739699993,0],[112.629485641,-7.15281778299993,0]]]]}},{"type":"Feature","properties":{"fid":14605,"ori_name":"Segoromadu","kode_kec":"35.25.14","kode_kd":"35.25.14.2013","kode_kk":"35.25","kode_prov":"35","tipe_kd":1,"kecamatan":"Kebomas","kel_desa":"Segoromadu","kab_kota":"Gresik","provinsi":"Jawa Timur","jenis_kd":"Desa","nama":"Desa Segoromadu","label":"Desa Segoromadu, Kecamatan Kebomas, Kabupaten Gresik, Provinsi Jawa Timur, 35.25.14.2013"},"geometry":{"type":"MultiPolygon","coordinates":[[[[112.652364536,-7.18429158299995,0],[112.652509503,-7.18434973099994,0],[112.652432062,-7.18465340699993,0],[112.652609672,-7.18469597899997,0],[112.653135894,-7.18483339499994,0],[112.653347626,-7.18487738299996,0],[112.653579594,-7.18488070499996,0],[112.653769076,-7.18484186999996,0],[112.654343491,-7.18492839399994,0],[112.65448765,-7.18472130199996,0],[112.654681117,-7.18477222399997,0],[112.654993324,-7.18485472099997,0],[112.655458973,-7.18510779699994,0],[112.65554411,-7.18511616999996,0],[112.655655422,-7.18513755499993,0],[112.655762637,-7.18522205599993,0],[112.655818056,-7.18527004099997,0],[112.655557824,-7.18587297899995,0],[112.655563228,-7.18652015899994,0],[112.655517161,-7.18682806199996,0],[112.655477817,-7.18705484499998,0],[112.65544987,-7.18721279199997,0],[112.655383762,-7.18765609699994,0],[112.655402103,-7.18789677599995,0],[112.655408034,-7.18800912599994,0],[112.65535395,-7.18810306999995,0],[112.655321166,-7.18861586799994,0],[112.655312858,-7.18871299199998,0],[112.655300715,-7.18871999699996,0],[112.655217525,-7.18877571499996,0],[112.655159695,-7.18915462399997,0],[112.655260858,-7.18946470699996,0],[112.655249852,-7.18955912699994,0],[112.655247992,-7.18966427299995,0],[112.65522899,-7.18985943299998,0],[112.655200209,-7.19003455799998,0],[112.65518665,-7.19012474099998,0],[112.655195479,-7.19017144599997,0],[112.655228798,-7.19025974099998,0],[112.655251662,-7.19032719099994,0],[112.655321147,-7.19042475599997,0],[112.655343226,-7.19046029699996,0],[112.655358489,-7.19049034599993,0],[112.655353975,-7.19064567599997,0],[112.655358889,-7.19090990599994,0],[112.655394471,-7.19114880499995,0],[112.655454696,-7.19147259399995,0],[112.655502022,-7.19163560299995,0],[112.655707928,-7.19225493699997,0],[112.656073106,-7.19362640999998,0],[112.656076374,-7.19363867999994,0],[112.6560778,-7.19364309299993,0],[112.656119046,-7.19377540299996,0],[112.655141099,-7.19384494699995,0],[112.653680559,-7.19403083399993,0],[112.65222024,-7.19427812099997,0],[112.651074347,-7.19445925199994,0],[112.649997851,-7.19470223699994,0],[112.649968484,-7.19470886599993,0],[112.648974821,-7.19497974999996,0],[112.648391822,-7.19515384399995,0],[112.648313645,-7.19517718899993,0],[112.647941384,-7.19525438399995,0],[112.64758632,-7.19524701399996,0],[112.647318472,-7.19519560399993,0],[112.646910077,-7.19511721799995,0],[112.646873042,-7.19510717399993,0],[112.646411807,-7.19498208699997,0],[112.646386431,-7.19497520499993,0],[112.646055655,-7.19488549799996,0],[112.645769701,-7.19478225399996,0],[112.645718848,-7.19476389299996,0],[112.645266197,-7.19461380599995,0],[112.645023487,-7.19450040599997,0],[112.644874915,-7.19443098899995,0],[112.644715075,-7.19435733699993,0],[112.644345971,-7.19418725899993,0],[112.643227733,-7.19358683199994,0],[112.642874597,-7.19334378999997,0],[112.642541891,-7.19311480799996,0],[112.642446734,-7.19306481499996,0],[112.641870517,-7.19276208899993,0],[112.641151772,-7.19256296999993,0],[112.640772012,-7.19250488699993,0],[112.640386462,-7.19244591899997,0],[112.640060959,-7.19245069599998,0],[112.639804696,-7.19250902499994,0],[112.639641745,-7.19254611499997,0],[112.639208308,-7.19271021599997,0],[112.637674066,-7.19352845299994,0],[112.637602712,-7.19356874199997,0],[112.637623359,-7.19339113799998,0],[112.63771,-7.19274999999993,0],[112.63785,-7.19169000099993,0],[112.63793,-7.19118999999995,0],[112.63797,-7.19087000099995,0],[112.63802,-7.19052000099992,0],[112.63817,-7.19005000099997,0],[112.63784,-7.19001000099996,0],[112.63724,-7.18992999999995,0],[112.636982957,-7.18990079099996,0],[112.636980984,-7.18988610899993,0],[112.636955999,-7.18958026899998,0],[112.636953946,-7.18931973099996,0],[112.636967067,-7.18900173099996,0],[112.636996049,-7.18873520599993,0],[112.637015384,-7.18846365199994,0],[112.637030695,-7.18840284599997,0],[112.637131566,-7.18825964599995,0],[112.637182654,-7.18820350399994,0],[112.637212207,-7.18813794699997,0],[112.637250337,-7.18807000599998,0],[112.637306972,-7.18789477999997,0],[112.637345557,-7.18768273399996,0],[112.637386858,-7.18756234799997,0],[112.63742841,-7.18749077999996,0],[112.637503676,-7.18741104599997,0],[112.637643666,-7.18720460499998,0],[112.637774449,-7.18707549199996,0],[112.637787163,-7.18704027899997,0],[112.637876509,-7.18697260999994,0],[112.637934997,-7.18693985399995,0],[112.638017356,-7.18692274399996,0],[112.638207627,-7.18691474199994,0],[112.638623642,-7.18690222599997,0],[112.638866606,-7.18689032799995,0],[112.6389525,-7.18688025699993,0],[112.639039224,-7.18687253399997,0],[112.639185105,-7.18681071799995,0],[112.639287954,-7.18674055799994,0],[112.639352775,-7.18668391599994,0],[112.639427541,-7.18665182399997,0],[112.639502363,-7.18663564499997,0],[112.639616525,-7.18663894399998,0],[112.639747874,-7.18664697199995,0],[112.63981527,-7.18662105699997,0],[112.639941441,-7.18660035399995,0],[112.640035074,-7.18670904699997,0],[112.640248151,-7.18689822399995,0],[112.640499528,-7.18706701399998,0],[112.640664367,-7.18717056899993,0],[112.640830501,-7.18728144299996,0],[112.641014396,-7.18738926999993,0],[112.641112709,-7.18742815399997,0],[112.641179235,-7.18749282599993,0],[112.641232426,-7.18760654499994,0],[112.641293602,-7.18778234299998,0],[112.641422575,-7.18816772899993,0],[112.641486176,-7.18839495799995,0],[112.641575382,-7.18862128099994,0],[112.64169487,-7.18875682099997,0],[112.64172449,-7.18879305699994,0],[112.641727072,-7.18882613799997,0],[112.641708915,-7.18890458099997,0],[112.641791387,-7.18896060999998,0],[112.641927753,-7.18899320699995,0],[112.642020071,-7.18904630499998,0],[112.642326558,-7.18903155599997,0],[112.642787138,-7.18905865499994,0],[112.643176771,-7.18907994999995,0],[112.64317762,-7.18906638499993,0],[112.643140131,-7.18900106699994,0],[112.643033464,-7.18886042099996,0],[112.642991763,-7.18880704899993,0],[112.642922339,-7.18874681699998,0],[112.642873634,-7.18867620499998,0],[112.64284748,-7.18862802299998,0],[112.642816531,-7.18847110199994,0],[112.642814996,-7.18841786099995,0],[112.642817399,-7.18833874699993,0],[112.642826867,-7.18829360099994,0],[112.642851189,-7.18822661499996,0],[112.64286338,-7.18819113299998,0],[112.642872007,-7.18816099699995,0],[112.642860945,-7.18813698899993,0],[112.642854227,-7.18809560799997,0],[112.642843226,-7.18806726299994,0],[112.642860554,-7.18802787299995,0],[112.642908604,-7.18799931399997,0],[112.642952195,-7.18795558299996,0],[112.642975812,-7.18783761099996,0],[112.642988786,-7.18779172899997,0],[112.643010588,-7.18777203299993,0],[112.643049953,-7.18775661399997,0],[112.643100254,-7.18775200399995,0],[112.643148309,-7.18774532299994,0],[112.643216156,-7.18774073999998,0],[112.643279545,-7.18774268199996,0],[112.643345218,-7.18773584699994,0],[112.64339321,-7.18771171799995,0],[112.643428035,-7.18765915899996,0],[112.643432283,-7.18761547799994,0],[112.643409131,-7.18757144399996,0],[112.643327397,-7.18745095699995,0],[112.643323857,-7.18742158899994,0],[112.643328934,-7.18740086899993,0],[112.643344506,-7.18739222399995,0],[112.643366939,-7.18738174699996,0],[112.643387595,-7.18735409899995,0],[112.643373722,-7.18733688399993,0],[112.643323455,-7.18730939899996,0],[112.643299135,-7.18729402599996,0],[112.643274848,-7.18726644999998,0],[112.643271234,-7.18723717199993,0],[112.643278114,-7.18721987999993,0],[112.643305699,-7.18720911299994,0],[112.643338518,-7.18720085899997,0],[112.64337268,-7.18719250999993,0],[112.643397253,-7.18717470299993,0],[112.643390203,-7.18712419199994,0],[112.643354412,-7.18705335299995,0],[112.643336379,-7.18700025999993,0],[112.643323964,-7.18695248099993,0],[112.643319739,-7.18691976899993,0],[112.643242418,-7.18682213999995,0],[112.643221716,-7.18679518199997,0],[112.643209772,-7.18677479399997,0],[112.643220512,-7.18675097899995,0],[112.643232335,-7.18673800899995,0],[112.643249613,-7.18672601499998,0],[112.643270066,-7.18670442499996,0],[112.643275399,-7.18667203999996,0],[112.643269856,-7.18664611399993,0],[112.6432552,-7.18661886399997,0],[112.643208878,-7.18658829299994,0],[112.643183074,-7.18655430299998,0],[112.643164141,-7.18652110199997,0],[112.643152859,-7.18647675399995,0],[112.643134674,-7.18640259899996,0],[112.643121532,-7.18627743499997,0],[112.643101688,-7.18609425599993,0],[112.643102705,-7.18592004399994,0],[112.643106313,-7.18588540699994,0],[112.643122684,-7.18587033999995,0],[112.643151272,-7.18584835999997,0],[112.64318682,-7.18583051299993,0],[112.643209959,-7.18580864299997,0],[112.643255153,-7.18573308399993,0],[112.643282681,-7.18568606599996,0],[112.643301878,-7.18564739599998,0],[112.643310047,-7.18561427699996,0],[112.64330165,-7.18558393099994,0],[112.643271255,-7.18558123699995,0],[112.64324639,-7.18560067299995,0],[112.643238183,-7.18562276099993,0],[112.643205264,-7.18568634299993,0],[112.643183122,-7.18569464999996,0],[112.64315538,-7.18566166199997,0],[112.64314142,-7.18562039599993,0],[112.643160587,-7.18557340699994,0],[112.64319365,-7.18552917299996,0],[112.643245934,-7.18547374699995,0],[112.643281789,-7.18543781899996,0],[112.643348234,-7.18527195999997,0],[112.643371882,-7.18516284699996,0],[112.643382732,-7.18512791199993,0],[112.64340677,-7.18512782799996,0],[112.643426533,-7.18514303399996,0],[112.643461691,-7.18520402099995,0],[112.643483667,-7.18523223899996,0],[112.643523019,-7.18523426699994,0],[112.643540432,-7.18521892699994,0],[112.643562165,-7.18517961299995,0],[112.643566437,-7.18514253199993,0],[112.643559702,-7.18509672199997,0],[112.643542108,-7.18506188899994,0],[112.643518014,-7.18504669699996,0],[112.643498275,-7.18503809099997,0],[112.643500506,-7.18501511799997,0],[112.64351579,-7.18498884599995,0],[112.643544187,-7.18497563499994,0],[112.643592359,-7.18496009399996,0],[112.643631739,-7.18494910399994,0],[112.643817764,-7.18496534299993,0],[112.643944391,-7.18500981999995,0],[112.644273756,-7.18512996299995,0],[112.644943969,-7.18509573599994,0],[112.645185005,-7.18508799999995,0],[112.645211396,-7.18511909499995,0],[112.645228134,-7.18514389799998,0],[112.645275137,-7.18513550199998,0],[112.645439517,-7.18511149599993,0],[112.645577594,-7.18512193899994,0],[112.645696043,-7.18517611799996,0],[112.64574864,-7.18518686899995,0],[112.646518263,-7.18504045399993,0],[112.646753656,-7.18499992199997,0],[112.646839683,-7.18484059099995,0],[112.646910164,-7.18469695699997,0],[112.646928958,-7.18462953899996,0],[112.646928815,-7.18458976099993,0],[112.646937183,-7.18450854799994,0],[112.646942058,-7.18436966999997,0],[112.64730969,-7.18408701299995,0],[112.647601605,-7.18365500799996,0],[112.648060543,-7.18374620499998,0],[112.648356305,-7.18380191399996,0],[112.648850975,-7.18400942299996,0],[112.649107189,-7.18398779799998,0],[112.649299089,-7.18391460399994,0],[112.649372934,-7.18375197499995,0],[112.649664075,-7.18372696799997,0],[112.64991687,-7.18360591199996,0],[112.649924664,-7.18348980499997,0],[112.649931502,-7.18348155399997,0],[112.649949283,-7.18348555899996,0],[112.650184069,-7.18364924999997,0],[112.650784819,-7.18366914499995,0],[112.651537387,-7.18392878799995,0],[112.651497136,-7.18407032599993,0],[112.652364536,-7.18429158299995,0]]]]}},{"type":"Feature","properties":{"fid":14629,"ori_name":"Sekarkurung","kode_kec":"35.25.14","kode_kd":"35.25.14.2021","kode_kk":"35.25","kode_prov":"35","tipe_kd":1,"kecamatan":"Kebomas","kel_desa":"Sekarkurung","kab_kota":"Gresik","provinsi":"Jawa Timur","jenis_kd":"Desa","nama":"Desa Sekarkurung","label":"Desa Sekarkurung, Kecamatan Kebomas, Kabupaten Gresik, Provinsi Jawa Timur, 35.25.14.2021"},"geometry":{"type":"MultiPolygon","coordinates":[[[[112.629400247,-7.17129198499993,0],[112.629494424,-7.17136569099995,0],[112.629541471,-7.17136986399993,0],[112.629839495,-7.17141292399998,0],[112.630061401,-7.17144368799995,0],[112.63007828,-7.17165535699996,0],[112.630083834,-7.17176888499995,0],[112.630004785,-7.17183443899995,0],[112.629996082,-7.17186448399997,0],[112.629939954,-7.17201475499996,0],[112.629859933,-7.17222685899998,0],[112.629816934,-7.17235348599996,0],[112.629749945,-7.17251428499998,0],[112.630092035,-7.17258421899993,0],[112.63027574,-7.17262090299994,0],[112.630292144,-7.17267798099994,0],[112.630321917,-7.17277885699997,0],[112.630387362,-7.17300219599997,0],[112.630403834,-7.17307816899995,0],[112.630427539,-7.17313160399993,0],[112.630428362,-7.17315284599994,0],[112.630423301,-7.17317844899998,0],[112.630402908,-7.17323791699994,0],[112.630379841,-7.17334277799995,0],[112.630376461,-7.17337922299993,0],[112.630380261,-7.17341880699996,0],[112.630384736,-7.17343931299996,0],[112.630415708,-7.17347807699997,0],[112.630503504,-7.17358326799996,0],[112.630556635,-7.17366073899996,0],[112.63055817,-7.17369372899998,0],[112.630556793,-7.17376840899993,0],[112.630551104,-7.17382701199995,0],[112.630511262,-7.17398038899995,0],[112.630510012,-7.17402794599997,0],[112.630632416,-7.17406141399994,0],[112.630724331,-7.17408676399998,0],[112.630745318,-7.17411019499997,0],[112.630726402,-7.17416522599996,0],[112.630703596,-7.17425978099993,0],[112.630662517,-7.17444326699996,0],[112.630629571,-7.17458360199993,0],[112.63063898,-7.17460517499995,0],[112.630650577,-7.17480104099997,0],[112.630655205,-7.17492668799997,0],[112.630658349,-7.17509681799993,0],[112.630698115,-7.17523671399994,0],[112.630719223,-7.17531501999997,0],[112.630719282,-7.17535235699995,0],[112.630672192,-7.17577670399993,0],[112.63066305,-7.17601847899994,0],[112.630671447,-7.17602848399997,0],[112.630825867,-7.17608000899997,0],[112.631041692,-7.17616340899997,0],[112.63113285,-7.17620638899996,0],[112.631184046,-7.17641115499993,0],[112.631192633,-7.17647449999993,0],[112.6312408,-7.17662521199998,0],[112.631327795,-7.17667326999998,0],[112.631271314,-7.17682923799993,0],[112.631244828,-7.17689686499995,0],[112.631152895,-7.17711804999993,0],[112.630867935,-7.17695018599994,0],[112.63060945,-7.17679506699994,0],[112.630452119,-7.17670223899995,0],[112.630011047,-7.17644786699998,0],[112.629830559,-7.17693786899997,0],[112.629711358,-7.17725922999995,0],[112.629668881,-7.17736415999997,0],[112.629579593,-7.17761598299995,0],[112.629498147,-7.17782673599993,0],[112.629234206,-7.17787983499994,0],[112.629099308,-7.17790210199996,0],[112.628901334,-7.17788454199996,0],[112.628516725,-7.17784676299993,0],[112.628485308,-7.17785030899995,0],[112.628411779,-7.17793627299994,0],[112.628301675,-7.17810725799995,0],[112.628227849,-7.17817279199994,0],[112.628142308,-7.17815564799997,0],[112.628009676,-7.17812221599996,0],[112.627868364,-7.17810445599997,0],[112.627767453,-7.17809007899996,0],[112.627647974,-7.17808173199995,0],[112.62738298,-7.17809053699995,0],[112.627201656,-7.17809461699994,0],[112.627112112,-7.17810632399994,0],[112.627025849,-7.17811711799993,0],[112.626921331,-7.17813836999994,0],[112.626720969,-7.17818428299995,0],[112.626648552,-7.17818372599993,0],[112.62642191,-7.17818706099996,0],[112.626303518,-7.17819010199997,0],[112.626152662,-7.17819678399997,0],[112.625940805,-7.17818008599994,0],[112.625640711,-7.17814372199996,0],[112.625428306,-7.17811970299994,0],[112.625261757,-7.17810112899997,0],[112.625302492,-7.17803046699993,0],[112.625403027,-7.17787606199994,0],[112.625434934,-7.17777849099997,0],[112.625436532,-7.17772397099998,0],[112.625449352,-7.17765512699998,0],[112.625451098,-7.17760033699994,0],[112.625024388,-7.17737447799993,0],[112.624773935,-7.17723198199997,0],[112.62466224,-7.17727089199997,0],[112.624526426,-7.17728755299993,0],[112.624381439,-7.17730705099996,0],[112.624309048,-7.17735585499997,0],[112.624210116,-7.17745736999996,0],[112.624189805,-7.17743502099995,0],[112.623973496,-7.17719404099995,0],[112.623723517,-7.17739526399993,0],[112.623678267,-7.17743520199997,0],[112.623622774,-7.17747056599995,0],[112.623590051,-7.17756904199996,0],[112.623570556,-7.17765065699996,0],[112.623573615,-7.17769223199997,0],[112.623289546,-7.17754334699993,0],[112.622958826,-7.17737563799994,0],[112.622648452,-7.17801969899995,0],[112.622296229,-7.17873713399996,0],[112.622261862,-7.17889826499993,0],[112.621624358,-7.18005191899994,0],[112.62103295,-7.18102631699998,0],[112.62090885,-7.18095696299997,0],[112.620517909,-7.18081875699994,0],[112.620195136,-7.18070363599998,0],[112.620186966,-7.18069435299998,0],[112.619496421,-7.18025832499995,0],[112.619055375,-7.17996886799995,0],[112.61834109,-7.17948997899992,0],[112.618068865,-7.17931274899996,0],[112.617879028,-7.17952767899993,0],[112.617135531,-7.17954919499994,0],[112.616816329,-7.17955700999994,0],[112.615832084,-7.17956264599997,0],[112.615274528,-7.17968267799995,0],[112.615044954,-7.17968113799998,0],[112.614672178,-7.17967575799997,0],[112.614334854,-7.17958337499994,0],[112.614048864,-7.17950419099998,0],[112.614066397,-7.17924638499994,0],[112.614055883,-7.17914408099995,0],[112.614030302,-7.17906705499996,0],[112.614000024,-7.17894882099995,0],[112.613952783,-7.17882639899995,0],[112.613935785,-7.17866354699993,0],[112.613954396,-7.17847932399997,0],[112.613967872,-7.17836310599995,0],[112.614018404,-7.17833888099995,0],[112.614077806,-7.17831091699998,0],[112.614136958,-7.17821216699997,0],[112.61434588,-7.17788298899995,0],[112.614403132,-7.17779590899994,0],[112.614416849,-7.17774785399996,0],[112.614425568,-7.17770108399998,0],[112.614416537,-7.17765943799998,0],[112.614407501,-7.17761643699993,0],[112.6143922,-7.17757481599995,0],[112.614389559,-7.17754580299993,0],[112.614388134,-7.17750159999997,0],[112.614396982,-7.17749144299995,0],[112.614408268,-7.17747377499995,0],[112.614438572,-7.17745088599997,0],[112.614540973,-7.17742277299993,0],[112.614786229,-7.17734108599996,0],[112.614816561,-7.17732579199998,0],[112.614936508,-7.17719174999996,0],[112.614988041,-7.17709176099993,0],[112.614992731,-7.17700332799996,0],[112.614983574,-7.17690481799997,0],[112.615001075,-7.17685042299996,0],[112.615138626,-7.17658514099998,0],[112.61529697,-7.17626753199994,0],[112.615334681,-7.17620673699997,0],[112.615366285,-7.17619279399997,0],[112.61542068,-7.17618500999993,0],[112.615457357,-7.17616969099993,0],[112.615519206,-7.17613665799996,0],[112.615615857,-7.17585370899997,0],[112.615642189,-7.17578409499993,0],[112.615855338,-7.17544766899994,0],[112.616039118,-7.17516658399995,0],[112.616282355,-7.17480971099997,0],[112.616464714,-7.17448577899995,0],[112.616631055,-7.17417085599993,0],[112.616718898,-7.17395203499996,0],[112.616725105,-7.17391277699994,0],[112.61705245,-7.17361156899995,0],[112.617280619,-7.17336450099998,0],[112.617353523,-7.17322782499997,0],[112.617363825,-7.17312201199996,0],[112.617371832,-7.17287436299995,0],[112.617983026,-7.17285078699996,0],[112.618099604,-7.17246144999996,0],[112.618193449,-7.17214533299995,0],[112.618240801,-7.17187675299994,0],[112.618340517,-7.17178545399997,0],[112.618524925,-7.17168246699993,0],[112.618732099,-7.17172729999993,0],[112.61909257,-7.17167422699993,0],[112.619142912,-7.17159702599997,0],[112.619170544,-7.17153626599998,0],[112.619183595,-7.17149002199994,0],[112.619263177,-7.17144806499994,0],[112.619326377,-7.17141755599994,0],[112.619456673,-7.17140317399998,0],[112.619569259,-7.17140530899997,0],[112.619619861,-7.17140133299995,0],[112.619707068,-7.17136188199993,0],[112.619819546,-7.17131221299996,0],[112.61996733,-7.17123972899998,0],[112.620065931,-7.17119264399997,0],[112.620151539,-7.17116548999996,0],[112.62022491,-7.17116143399994,0],[112.620294611,-7.17117502099995,0],[112.620406092,-7.17120247199995,0],[112.620499815,-7.17123242799994,0],[112.620798415,-7.17120615099998,0],[112.620840101,-7.17119334899996,0],[112.621011591,-7.17115350599994,0],[112.621261895,-7.17106547199995,0],[112.621399394,-7.17093489299998,0],[112.621434504,-7.17087808499997,0],[112.621524826,-7.17087505399996,0],[112.621681644,-7.17086627399993,0],[112.621797458,-7.17085221399998,0],[112.621882265,-7.17083094299994,0],[112.621964167,-7.17079060399993,0],[112.62205712,-7.17075112999993,0],[112.622116329,-7.17073184399993,0],[112.622174701,-7.17072982999997,0],[112.622240412,-7.17073411799993,0],[112.622293954,-7.17073826799998,0],[112.622343193,-7.17072896399998,0],[112.6224242,-7.17068862799994,0],[112.622513348,-7.17060730999998,0],[112.622557974,-7.17058165999993,0],[112.622577979,-7.17058068599994,0],[112.622590748,-7.17058154399996,0],[112.622604506,-7.17058782299995,0],[112.622638418,-7.17063507699993,0],[112.622744762,-7.17079308899997,0],[112.622784131,-7.17082115599993,0],[112.62299156,-7.17093785999998,0],[112.623126595,-7.17101802499997,0],[112.623155063,-7.17106710499996,0],[112.623189058,-7.17113795199998,0],[112.623225702,-7.17117696799994,0],[112.623265002,-7.17120693399994,0],[112.623374682,-7.17125292499998,0],[112.623469355,-7.17129779299995,0],[112.623553403,-7.17133664099993,0],[112.623635622,-7.17136464699996,0],[112.623704141,-7.17140264699998,0],[112.623765514,-7.17146797299995,0],[112.623855281,-7.17158237999996,0],[112.623981287,-7.17176916399995,0],[112.62417196,-7.17202334199993,0],[112.624214989,-7.17207327399996,0],[112.624235084,-7.17207690999993,0],[112.624265169,-7.17207680299992,0],[112.62436813,-7.17203819799994,0],[112.624483819,-7.17198860799994,0],[112.624584947,-7.17196004399995,0],[112.624692451,-7.17191771799997,0],[112.624762317,-7.17189387299993,0],[112.624836211,-7.17188990499994,0],[112.62501316,-7.17189479599995,0],[112.62511694,-7.17156119399993,0],[112.625115099,-7.17150478799994,0],[112.625081701,-7.17132915799993,0],[112.625038159,-7.17115546299993,0],[112.625017729,-7.17105717499993,0],[112.625016727,-7.17102716399995,0],[112.625017377,-7.17095827299994,0],[112.625024854,-7.17075067599995,0],[112.625030075,-7.17066504599995,0],[112.625322956,-7.17068950399994,0],[112.626615119,-7.17057680499994,0],[112.626752734,-7.17062604099993,0],[112.626780434,-7.17064800299994,0],[112.626766874,-7.17071892799993,0],[112.626718504,-7.17086817599994,0],[112.626707596,-7.17090745199994,0],[112.626697717,-7.17096362899997,0],[112.6267293,-7.17104912899993,0],[112.626824856,-7.17119605999994,0],[112.626867845,-7.17121380799995,0],[112.627170845,-7.17135448999994,0],[112.627385732,-7.17123755899996,0],[112.627791951,-7.17137046099998,0],[112.628018122,-7.17119382399994,0],[112.628144921,-7.17116173099993,0],[112.628371472,-7.17109185899994,0],[112.628644825,-7.17104125699996,0],[112.628919458,-7.17099336599995,0],[112.628928185,-7.17103320099994,0],[112.628969129,-7.17118991099994,0],[112.629058078,-7.17122114499995,0],[112.629298038,-7.17126893099993,0],[112.629400247,-7.17129198499993,0]]]]}},{"type":"Feature","properties":{"fid":14855,"ori_name":"Sidomoro","kode_kec":"35.25.14","kode_kd":"35.25.14.1015","kode_kk":"35.25","kode_prov":"35","tipe_kd":2,"kecamatan":"Kebomas","kel_desa":"Sidomoro","kab_kota":"Gresik","provinsi":"Jawa Timur","jenis_kd":"Kelurahan","nama":"Kelurahan Sidomoro","label":"Kelurahan Sidomoro, Kecamatan Kebomas, Kabupaten Gresik, Provinsi Jawa Timur, 35.25.14.1015"},"geometry":{"type":"MultiPolygon","coordinates":[[[[112.655670351,-7.16944540299994,0],[112.655526661,-7.16965674199997,0],[112.655410024,-7.16991788699994,0],[112.655188998,-7.17039899699995,0],[112.654967416,-7.17080914499996,0],[112.654894199,-7.17102077199996,0],[112.654783268,-7.17131154799995,0],[112.654784291,-7.17140900199996,0],[112.654663566,-7.17175712799997,0],[112.654558706,-7.17201316799998,0],[112.654372486,-7.17231334599995,0],[112.654277325,-7.17244360099994,0],[112.65419805,-7.17267324099993,0],[112.653888711,-7.17315584399995,0],[112.653687298,-7.17315656999995,0],[112.653597591,-7.17318473599994,0],[112.653510922,-7.17320665599993,0],[112.653445922,-7.17321303699993,0],[112.653368466,-7.17322262799996,0],[112.653334458,-7.17323197099995,0],[112.653322122,-7.17324747399994,0],[112.653325349,-7.17329383899994,0],[112.653360302,-7.17352550899994,0],[112.653288204,-7.17394397599998,0],[112.653117442,-7.17432916999996,0],[112.653103864,-7.17464174499997,0],[112.652925618,-7.17460794199997,0],[112.652679617,-7.17452068499995,0],[112.652188306,-7.17433052499996,0],[112.651953236,-7.17487289099995,0],[112.651799781,-7.17529617099996,0],[112.651707847,-7.17528709999993,0],[112.651206434,-7.17529748999993,0],[112.651186126,-7.17540071399998,0],[112.650959901,-7.17547683499993,0],[112.650873842,-7.17579238399998,0],[112.650658116,-7.17635863499993,0],[112.650488276,-7.17664799599993,0],[112.650277013,-7.17708531599993,0],[112.650275377,-7.17710765199996,0],[112.650297859,-7.17713161899997,0],[112.650291116,-7.17716608599994,0],[112.650190075,-7.17736416399993,0],[112.650132008,-7.17747141199993,0],[112.650123505,-7.17751492399998,0],[112.650128052,-7.17757575099995,0],[112.650141439,-7.17766493099998,0],[112.650161174,-7.17769306699995,0],[112.650281562,-7.17782968499995,0],[112.650310166,-7.17789485599997,0],[112.650318952,-7.17792962999994,0],[112.650334334,-7.17795127099993,0],[112.650472562,-7.17802544699992,0],[112.650533202,-7.17803074399995,0],[112.650610433,-7.17804140499993,0],[112.650668383,-7.17804671099998,0],[112.650050664,-7.17953056199997,0],[112.649247006,-7.17922038299997,0],[112.648741017,-7.17901852199998,0],[112.648047683,-7.17870333299993,0],[112.647112724,-7.17856258399996,0],[112.645604754,-7.17832959899994,0],[112.645324537,-7.17827744399995,0],[112.645292535,-7.17826390899995,0],[112.645221792,-7.17847968599995,0],[112.64505882,-7.17843777999997,0],[112.644925113,-7.17839649199993,0],[112.644686659,-7.17833252699995,0],[112.644394046,-7.17827951399994,0],[112.644369688,-7.17814905699993,0],[112.644424966,-7.17801252899994,0],[112.644553527,-7.17759829099998,0],[112.644597073,-7.17743874999996,0],[112.644537739,-7.17742223799996,0],[112.644533857,-7.17736005299997,0],[112.644553898,-7.17724471799994,0],[112.644586708,-7.17712996699993,0],[112.644616829,-7.17703592799995,0],[112.644629673,-7.17687071599994,0],[112.644649734,-7.17680238699995,0],[112.644690675,-7.17672765799995,0],[112.644892612,-7.17631116599995,0],[112.644987627,-7.17609755999996,0],[112.645146708,-7.17563791999993,0],[112.645319636,-7.17510608299995,0],[112.645375296,-7.17495120399997,0],[112.645395357,-7.17473750599993,0],[112.645290002,-7.17450409799994,0],[112.645197035,-7.17431069599996,0],[112.645295393,-7.17390596599995,0],[112.644407153,-7.17375880299994,0],[112.644110356,-7.17370408799997,0],[112.643348454,-7.17362563099994,0],[112.643003999,-7.17352136299996,0],[112.642830795,-7.17347786299996,0],[112.64238234,-7.17332984799998,0],[112.6420423,-7.17320748099996,0],[112.641864644,-7.17310894199994,0],[112.641742375,-7.17305070699996,0],[112.641873078,-7.17265038199997,0],[112.641925672,-7.17253592199995,0],[112.642007449,-7.17231504299997,0],[112.642055722,-7.17191139599993,0],[112.642060718,-7.17180587599995,0],[112.642031083,-7.17155655699997,0],[112.642017955,-7.17151773099994,0],[112.641870023,-7.17140181799994,0],[112.641870352,-7.17132696199997,0],[112.641889843,-7.17128720599993,0],[112.641944373,-7.17119199499996,0],[112.642027447,-7.17089598499996,0],[112.642077817,-7.17064014199997,0],[112.64207976,-7.17062621099996,0],[112.642089946,-7.17055316799997,0],[112.642096691,-7.17050480199993,0],[112.642110868,-7.17042420799993,0],[112.64215835,-7.17030510899997,0],[112.642411773,-7.16966945199994,0],[112.642310843,-7.16961045899995,0],[112.642271878,-7.16958768399996,0],[112.642323126,-7.16944487999996,0],[112.642347569,-7.16937677099997,0],[112.642414444,-7.16933132899993,0],[112.642492466,-7.16922345699993,0],[112.642500912,-7.16921177799998,0],[112.642652677,-7.16918909199995,0],[112.642662003,-7.16918769699993,0],[112.642669529,-7.16915669699995,0],[112.642689783,-7.16907326099994,0],[112.642700773,-7.16902799399998,0],[112.642884161,-7.16883089099997,0],[112.642895546,-7.16879593999994,0],[112.642930143,-7.16868973199996,0],[112.642941351,-7.16865533099997,0],[112.642973373,-7.16855702699996,0],[112.643030311,-7.16838222899997,0],[112.643048236,-7.16832720399998,0],[112.643071868,-7.16812464799995,0],[112.643078307,-7.16806945599996,0],[112.643118565,-7.16772440799997,0],[112.643207585,-7.16756343899993,0],[112.643225421,-7.16753118599996,0],[112.643254106,-7.16747931699996,0],[112.643307309,-7.16738311499995,0],[112.643328153,-7.16734542199993,0],[112.643632909,-7.16679435499998,0],[112.64364311,-7.16677590799998,0],[112.643632748,-7.16674940499996,0],[112.643615906,-7.16670633099994,0],[112.643606793,-7.16668302199997,0],[112.643585404,-7.16662831399998,0],[112.643584894,-7.16662700999996,0],[112.643527788,-7.16648095599993,0],[112.643514274,-7.16644639399993,0],[112.643459129,-7.16631453599996,0],[112.643459113,-7.16631449599993,0],[112.643459088,-7.16631443799997,0],[112.643401317,-7.16617629999996,0],[112.643375875,-7.16611546599995,0],[112.643309886,-7.16606178699993,0],[112.643061944,-7.16586009599996,0],[112.642957369,-7.16577502999996,0],[112.642945891,-7.16576569199998,0],[112.642897383,-7.16571485099996,0],[112.642847853,-7.16566294299997,0],[112.642774217,-7.16558576799997,0],[112.642810751,-7.16551851099996,0],[112.643026151,-7.16512190699996,0],[112.643178173,-7.16487610099995,0],[112.643207032,-7.16482943699998,0],[112.643271556,-7.16485282699995,0],[112.643334217,-7.16487554299994,0],[112.643406314,-7.16490167999996,0],[112.643426466,-7.16489998099996,0],[112.643443147,-7.16487515399996,0],[112.643467647,-7.16483869099994,0],[112.643521383,-7.16475872099994,0],[112.643593384,-7.16465156499993,0],[112.643625061,-7.16460442299996,0],[112.643645295,-7.16457430799994,0],[112.64369713,-7.16449716699998,0],[112.643941733,-7.16461264099996,0],[112.644311702,-7.16473472099995,0],[112.644564544,-7.16481184699995,0],[112.64461841,-7.16482827599998,0],[112.644713098,-7.16468066299996,0],[112.644790048,-7.16456069999998,0],[112.644824106,-7.16452333199993,0],[112.644838025,-7.16451243399996,0],[112.644856677,-7.16450929099994,0],[112.644897188,-7.16452306999997,0],[112.645017208,-7.16460029699994,0],[112.645046712,-7.16460480299997,0],[112.645088238,-7.16452612899997,0],[112.645131175,-7.16444478299996,0],[112.645135688,-7.16443623399994,0],[112.645185184,-7.16434246099993,0],[112.645193284,-7.16432711399995,0],[112.64521985,-7.16427678299993,0],[112.645254776,-7.16421061199998,0],[112.645376738,-7.16397954999997,0],[112.645392986,-7.16394876599998,0],[112.645398564,-7.16393844699996,0],[112.645433116,-7.16387449899997,0],[112.64561043,-7.16354633099996,0],[112.645613909,-7.16353989099997,0],[112.645663062,-7.16341991599995,0],[112.645683776,-7.16336935699997,0],[112.645718932,-7.16328354199993,0],[112.64574007,-7.16323195099994,0],[112.645766581,-7.16316724099994,0],[112.645790932,-7.16311250299998,0],[112.64581508,-7.16305821599997,0],[112.645827788,-7.16302965299997,0],[112.645845499,-7.16298983899998,0],[112.645856596,-7.16296489599995,0],[112.645870843,-7.16293286899997,0],[112.645908164,-7.16284897599996,0],[112.645974356,-7.16270017599993,0],[112.646012422,-7.16261460699997,0],[112.646019793,-7.16259803899993,0],[112.646059986,-7.16250768699996,0],[112.646083263,-7.16252423899994,0],[112.64635875,-7.16261311299996,0],[112.646753707,-7.16281339099993,0],[112.647241078,-7.16312117999996,0],[112.647363669,-7.16319859999993,0],[112.647386776,-7.16321319199994,0],[112.647551832,-7.16331742899996,0],[112.647765676,-7.16345474799994,0],[112.647780911,-7.16346453099993,0],[112.648177883,-7.16371944199994,0],[112.648382532,-7.16385085599995,0],[112.648478239,-7.16391231299997,0],[112.648466509,-7.16395294699993,0],[112.648333204,-7.16441475699997,0],[112.648475494,-7.16452494899994,0],[112.64849697,-7.16454157899994,0],[112.648947253,-7.16489027999995,0],[112.649131743,-7.16503314999994,0],[112.649059232,-7.16520511399995,0],[112.648963567,-7.16543198299996,0],[112.649060292,-7.16550024599997,0],[112.649078,-7.16551274299997,0],[112.649100742,-7.16552879299996,0],[112.649425457,-7.16575795699993,0],[112.649697173,-7.16594971799998,0],[112.649701376,-7.16595296099996,0],[112.649855992,-7.16607228299995,0],[112.649868228,-7.16608172599996,0],[112.649821271,-7.16616565499993,0],[112.64981816,-7.16617121199994,0],[112.649782166,-7.16623554699993,0],[112.649754183,-7.16628556299997,0],[112.649727681,-7.16633292599994,0],[112.649686277,-7.16640692899995,0],[112.649719099,-7.16644152699996,0],[112.649848811,-7.16655650699994,0],[112.649839375,-7.16657099299994,0],[112.649798373,-7.16663394999995,0],[112.649778583,-7.16666433199993,0],[112.649771674,-7.16667494199993,0],[112.64978695,-7.16668192499998,0],[112.65015475,-7.16685003599997,0],[112.650239142,-7.16688083199995,0],[112.650421919,-7.16698956399995,0],[112.650563457,-7.16707376499994,0],[112.650665968,-7.16711644199995,0],[112.650709668,-7.16713463499997,0],[112.650849582,-7.16719288499996,0],[112.650877097,-7.16720430099997,0],[112.651261535,-7.16736380499998,0],[112.651569158,-7.16754513499995,0],[112.651586326,-7.16755864699996,0],[112.651618552,-7.16758401299995,0],[112.651632915,-7.16759531999998,0],[112.651886097,-7.16779460699996,0],[112.651908148,-7.16781196399995,0],[112.651935486,-7.16783636699995,0],[112.65197362,-7.16785385699995,0],[112.65202405,-7.16786452399998,0],[112.652048585,-7.16787808699996,0],[112.652151124,-7.16799316399994,0],[112.652169471,-7.16799822899998,0],[112.652194766,-7.16800521199997,0],[112.652343138,-7.16801552799996,0],[112.652528187,-7.16803314499998,0],[112.652610621,-7.16804099299998,0],[112.652683522,-7.16804793399996,0],[112.652690822,-7.16805009599994,0],[112.652702713,-7.16805361999997,0],[112.652797328,-7.16808165199996,0],[112.652806403,-7.16808433999995,0],[112.652915265,-7.16811659299998,0],[112.653090217,-7.16816842599997,0],[112.653127826,-7.16808068899996,0],[112.653296708,-7.16816876899998,0],[112.653405526,-7.16822551999996,0],[112.653465592,-7.16825684699995,0],[112.653653257,-7.16837776599994,0],[112.654206671,-7.16848443899994,0],[112.654194164,-7.16863871199996,0],[112.654229707,-7.16864925699997,0],[112.654291076,-7.16866746499994,0],[112.654331448,-7.16867944199993,0],[112.654503975,-7.16873661199998,0],[112.654759497,-7.16882128199995,0],[112.654764148,-7.16882272099997,0],[112.65489879,-7.16886439099994,0],[112.655189455,-7.16895434399993,0],[112.655234035,-7.16897689399997,0],[112.655313918,-7.16901730099994,0],[112.65542425,-7.16907311099993,0],[112.655432222,-7.16907714199994,0],[112.655502053,-7.16911143299996,0],[112.655654439,-7.16918626299997,0],[112.655733756,-7.16922521199996,0],[112.65574273,-7.16922962099994,0],[112.655729729,-7.16926838299997,0],[112.655701586,-7.16935228399996,0],[112.655670351,-7.16944540299994,0]]]]}},{"type":"Feature","properties":{"fid":14857,"ori_name":"Sidomukti","kode_kec":"35.25.14","kode_kd":"35.25.14.1008","kode_kk":"35.25","kode_prov":"35","tipe_kd":2,"kecamatan":"Kebomas","kel_desa":"Sidomukti","kab_kota":"Gresik","provinsi":"Jawa Timur","jenis_kd":"Kelurahan","nama":"Kelurahan Sidomukti","label":"Kelurahan Sidomukti, Kecamatan Kebomas, Kabupaten Gresik, Provinsi Jawa Timur, 35.25.14.1008"},"geometry":{"type":"MultiPolygon","coordinates":[[[[112.636525383,-7.17089482399996,0],[112.636451034,-7.17100104299993,0],[112.636325542,-7.17116864799993,0],[112.636186884,-7.17132879599995,0],[112.636101997,-7.17143161699994,0],[112.63604598,-7.17155015699996,0],[112.636001092,-7.17162734099998,0],[112.63622002,-7.17180682799994,0],[112.636200109,-7.17202197199992,0],[112.636191743,-7.17227196999994,0],[112.636202877,-7.17244189099995,0],[112.636356962,-7.17271327899994,0],[112.636290522,-7.17294386699996,0],[112.636272091,-7.17302936499993,0],[112.63625601,-7.17308384599994,0],[112.636447731,-7.17319083599995,0],[112.636663566,-7.17331907399995,0],[112.636771687,-7.17338811799993,0],[112.636909863,-7.17344783499993,0],[112.636823148,-7.17385433199996,0],[112.63678197,-7.17405101799994,0],[112.636762411,-7.17409276399997,0],[112.636626241,-7.17428074899993,0],[112.63653591,-7.17430186399997,0],[112.63650786,-7.17434915499996,0],[112.636367614,-7.17469219799995,0],[112.636275829,-7.17497494899993,0],[112.636266674,-7.17502452399998,0],[112.636221897,-7.17515432499994,0],[112.63615285,-7.17530274199993,0],[112.636124529,-7.17529551999996,0],[112.636000489,-7.17528466099998,0],[112.635912271,-7.17529121399997,0],[112.635899234,-7.17529858299997,0],[112.635874868,-7.17533275399995,0],[112.635850337,-7.17538319699997,0],[112.635702099,-7.17562049299994,0],[112.635686231,-7.17562967999993,0],[112.635634409,-7.17562642899998,0],[112.635317009,-7.17557268599995,0],[112.635302134,-7.17560917099996,0],[112.63523052,-7.17570823899996,0],[112.635122393,-7.17584694199996,0],[112.635114017,-7.17590546399992,0],[112.635114151,-7.17594325199997,0],[112.635105902,-7.17603730299993,0],[112.63506476,-7.17611881299996,0],[112.635058473,-7.17615590099996,0],[112.635065365,-7.17628850099993,0],[112.635104097,-7.17651446499997,0],[112.635166627,-7.17661052299997,0],[112.635235642,-7.17672436799995,0],[112.63526477,-7.17679052999995,0],[112.635280755,-7.17687680999995,0],[112.635304605,-7.17694940999996,0],[112.63531067,-7.17703789499996,0],[112.635309357,-7.17708852599998,0],[112.635155705,-7.17708473499994,0],[112.635150874,-7.17721647099995,0],[112.635142176,-7.17739405599997,0],[112.635141441,-7.17756438299995,0],[112.635155759,-7.17758069399997,0],[112.635320974,-7.17762367999995,0],[112.635490546,-7.17767370199994,0],[112.635546992,-7.17769673499993,0],[112.635674744,-7.17765993699993,0],[112.635899826,-7.17765913499994,0],[112.636062714,-7.17765638499998,0],[112.636150574,-7.17765390199997,0],[112.636268522,-7.17767273799996,0],[112.636457552,-7.17777837999995,0],[112.636499092,-7.17780815599997,0],[112.636492237,-7.17789515099997,0],[112.636471868,-7.17798228099997,0],[112.636414425,-7.17813988099994,0],[112.63637114,-7.17822781799993,0],[112.636290806,-7.17835141599994,0],[112.636162616,-7.17853747399994,0],[112.636060102,-7.17865979599998,0],[112.635924135,-7.17880004699998,0],[112.635835705,-7.17885170999995,0],[112.635789087,-7.17888451399995,0],[112.635706299,-7.17892765899995,0],[112.635580766,-7.17897945599998,0],[112.635520118,-7.17901384499993,0],[112.6354552,-7.17904336799995,0],[112.635383221,-7.17910283899994,0],[112.635350867,-7.17915837299995,0],[112.635324644,-7.17921551099994,0],[112.635268157,-7.17941116799994,0],[112.635237172,-7.17953540299993,0],[112.63522458,-7.17962603399997,0],[112.635228245,-7.17983711499994,0],[112.635243822,-7.17999680499997,0],[112.63526531,-7.18001453799997,0],[112.635362971,-7.18008045699997,0],[112.635363028,-7.18009618699995,0],[112.635358853,-7.18011898399993,0],[112.635256612,-7.18031697399994,0],[112.635136442,-7.18053319799998,0],[112.635128613,-7.18055672999998,0],[112.635127982,-7.18056812499998,0],[112.635132294,-7.18058383799996,0],[112.635221111,-7.18064056899993,0],[112.635494998,-7.18080051099997,0],[112.635700638,-7.18093674099993,0],[112.635739277,-7.18096941999994,0],[112.635745387,-7.18098702699996,0],[112.635743309,-7.18101126499994,0],[112.635699978,-7.18108636299996,0],[112.635641526,-7.18112860899993,0],[112.635612978,-7.18114154799997,0],[112.63559444,-7.18115589799993,0],[112.635521695,-7.18131490799993,0],[112.635468622,-7.18146272799993,0],[112.635430268,-7.18153057799998,0],[112.635404651,-7.18154856899997,0],[112.635315922,-7.18151751499994,0],[112.635122003,-7.18144398399994,0],[112.634956861,-7.18138038499995,0],[112.634707871,-7.18129285799995,0],[112.63462063,-7.18125962899995,0],[112.634558317,-7.18122495299997,0],[112.634398848,-7.18114018099993,0],[112.634189005,-7.18101824999997,0],[112.634067291,-7.18094879899996,0],[112.633778226,-7.18080255899997,0],[112.633521202,-7.18066081499995,0],[112.633526353,-7.18063973299996,0],[112.63354818,-7.18062654599993,0],[112.633723055,-7.18053081799997,0],[112.633767865,-7.18051429599996,0],[112.633849065,-7.18040298899996,0],[112.633941456,-7.18022664199998,0],[112.63386549,-7.18011002199995,0],[112.633775399,-7.18001089599994,0],[112.633701109,-7.17994588799996,0],[112.633586991,-7.17987089599995,0],[112.633501352,-7.17980556699996,0],[112.633442984,-7.17970415999997,0],[112.633355129,-7.17962473699993,0],[112.633269436,-7.17954412899996,0],[112.633142521,-7.17937669899993,0],[112.633041216,-7.17920981099996,0],[112.632941303,-7.17911948999995,0],[112.63273306,-7.17894357999995,0],[112.632498042,-7.17875429499998,0],[112.632631786,-7.17853449799998,0],[112.632461789,-7.17844876599997,0],[112.632297246,-7.17836409899996,0],[112.632160225,-7.17831432199995,0],[112.63204187,-7.17828635699993,0],[112.632004403,-7.17835157999997,0],[112.631781599,-7.17880367399994,0],[112.631759007,-7.17879010199994,0],[112.631374666,-7.17859745999993,0],[112.631154543,-7.17848161999996,0],[112.631034127,-7.17841984899997,0],[112.630904014,-7.17836019399994,0],[112.630636103,-7.17828375799996,0],[112.630491215,-7.17824684499993,0],[112.630340472,-7.17822197899994,0],[112.629928697,-7.17814514899993,0],[112.629760369,-7.17812920399996,0],[112.629773403,-7.17799544699994,0],[112.629599493,-7.17787944299994,0],[112.629498147,-7.17782673599993,0],[112.629579593,-7.17761598299995,0],[112.629668881,-7.17736415999997,0],[112.629711358,-7.17725922999995,0],[112.629830559,-7.17693786899997,0],[112.630011047,-7.17644786699998,0],[112.630452119,-7.17670223899995,0],[112.63060945,-7.17679506699994,0],[112.630867935,-7.17695018599994,0],[112.631152895,-7.17711804999993,0],[112.631244828,-7.17689686499995,0],[112.631271314,-7.17682923799993,0],[112.631327795,-7.17667326999998,0],[112.6312408,-7.17662521199998,0],[112.631192633,-7.17647449999993,0],[112.631184046,-7.17641115499993,0],[112.63113285,-7.17620638899996,0],[112.631041692,-7.17616340899997,0],[112.630825867,-7.17608000899997,0],[112.630671447,-7.17602848399997,0],[112.63066305,-7.17601847899994,0],[112.630672192,-7.17577670399993,0],[112.630719282,-7.17535235699995,0],[112.630719223,-7.17531501999997,0],[112.630698115,-7.17523671399994,0],[112.630658349,-7.17509681799993,0],[112.630655205,-7.17492668799997,0],[112.630650577,-7.17480104099997,0],[112.63063898,-7.17460517499995,0],[112.630629571,-7.17458360199993,0],[112.630662517,-7.17444326699996,0],[112.630703596,-7.17425978099993,0],[112.630726402,-7.17416522599996,0],[112.630745318,-7.17411019499997,0],[112.630814004,-7.17402722799994,0],[112.630920139,-7.17391592699994,0],[112.630977174,-7.17385271099994,0],[112.631098522,-7.17367345899993,0],[112.631139653,-7.17360921499994,0],[112.631195877,-7.17350731199997,0],[112.631217881,-7.17348101499994,0],[112.63130421,-7.17342574199995,0],[112.631365108,-7.17339948899996,0],[112.631513646,-7.17332962299997,0],[112.631589341,-7.17334942199994,0],[112.632161005,-7.17350559899995,0],[112.632516563,-7.17358352999997,0],[112.632794956,-7.17333401799993,0],[112.632846407,-7.17335878799997,0],[112.632861843,-7.17327067699995,0],[112.632898316,-7.17315618699996,0],[112.6329917,-7.17292342299993,0],[112.633060306,-7.17258786799994,0],[112.633112323,-7.17233165699997,0],[112.633125348,-7.17227899499994,0],[112.633086348,-7.17206089899997,0],[112.633092543,-7.17195564299993,0],[112.633100246,-7.17189649099993,0],[112.633198172,-7.17128347199997,0],[112.633841155,-7.17132195699998,0],[112.63386014,-7.17109840899997,0],[112.63386323,-7.17104306999994,0],[112.634433769,-7.17105270299993,0],[112.63471149,-7.17099213799997,0],[112.634919031,-7.17093019599997,0],[112.635260549,-7.17079825499997,0],[112.63557985,-7.17054877899994,0],[112.635809821,-7.17039164899995,0],[112.635844925,-7.17043808199998,0],[112.636019947,-7.17053111899997,0],[112.63609845,-7.17056419799997,0],[112.636321204,-7.17068572199997,0],[112.636489853,-7.17083392699993,0],[112.636525383,-7.17089482399996,0]]]]}},{"type":"Feature","properties":{"fid":14975,"ori_name":"Singosari","kode_kec":"35.25.14","kode_kd":"35.25.14.1017","kode_kk":"35.25","kode_prov":"35","tipe_kd":2,"kecamatan":"Kebomas","kel_desa":"Singosari","kab_kota":"Gresik","provinsi":"Jawa Timur","jenis_kd":"Kelurahan","nama":"Kelurahan Singosari","label":"Kelurahan Singosari, Kecamatan Kebomas, Kabupaten Gresik, Provinsi Jawa Timur, 35.25.14.1017"},"geometry":{"type":"MultiPolygon","coordinates":[[[[112.656608858,-7.16985037399996,0],[112.656621618,-7.16985610399996,0],[112.656670675,-7.16987813199995,0],[112.656703509,-7.16989287699994,0],[112.656714478,-7.16989780199998,0],[112.656751194,-7.16991428999995,0],[112.656760614,-7.16991851799997,0],[112.65677882,-7.16992669499996,0],[112.656790043,-7.16994617399996,0],[112.656803611,-7.16996972799996,0],[112.656777874,-7.17016066299993,0],[112.656774571,-7.17017924799995,0],[112.656750419,-7.17031514499996,0],[112.656732439,-7.17041630699993,0],[112.656611842,-7.17077935199995,0],[112.656449037,-7.17132593799994,0],[112.656342331,-7.17168418099993,0],[112.65630583,-7.17179650199995,0],[112.656282955,-7.17186689399995,0],[112.656219201,-7.17206308299995,0],[112.656203285,-7.17211205999996,0],[112.656155562,-7.17225891899994,0],[112.656147182,-7.17228470199996,0],[112.656125375,-7.17235180999995,0],[112.656121184,-7.17236470799998,0],[112.656328062,-7.17244654099994,0],[112.656456453,-7.17249732999994,0],[112.656638292,-7.17256925899994,0],[112.656722657,-7.17260263099996,0],[112.657232056,-7.17280413299994,0],[112.657464016,-7.17289084599997,0],[112.657993274,-7.17308869299995,0],[112.657969964,-7.17314678899993,0],[112.657901224,-7.17331811199995,0],[112.657886774,-7.17335412499995,0],[112.657840112,-7.17347042099993,0],[112.657826714,-7.17350381299997,0],[112.657803626,-7.17356135599994,0],[112.657779013,-7.17362269999995,0],[112.657757418,-7.17367652299993,0],[112.657690098,-7.17384430499993,0],[112.657686269,-7.17386623199997,0],[112.657645556,-7.17409940399995,0],[112.658142189,-7.17433627699995,0],[112.658145604,-7.17433930899995,0],[112.658343955,-7.17451545199998,0],[112.65837531,-7.17455683299994,0],[112.658403118,-7.17456712799998,0],[112.658468874,-7.17454266399994,0],[112.658544981,-7.17449049699997,0],[112.658589884,-7.17443844299993,0],[112.658620938,-7.17439683499992,0],[112.658662257,-7.17432409299994,0],[112.658686406,-7.17427211399996,0],[112.658727787,-7.17421654699996,0],[112.659182687,-7.17439136999997,0],[112.659399282,-7.17450882499998,0],[112.659822756,-7.17473846799993,0],[112.659982272,-7.17487738499995,0],[112.659805672,-7.17531846799994,0],[112.659737579,-7.17554282399993,0],[112.659658417,-7.17582299999998,0],[112.659600527,-7.17602001699993,0],[112.659561791,-7.17612592999996,0],[112.659516985,-7.17655415299993,0],[112.659481248,-7.17676654999997,0],[112.659312927,-7.17722658899993,0],[112.65909926,-7.17726569299998,0],[112.658743347,-7.17775000399996,0],[112.658153641,-7.17741673899997,0],[112.657941293,-7.17734626699996,0],[112.657421981,-7.17699113899994,0],[112.657323588,-7.17680508099994,0],[112.657306126,-7.17670425399996,0],[112.65725787,-7.17663436699996,0],[112.657213142,-7.17659004899997,0],[112.657159932,-7.17657487199995,0],[112.6571308,-7.17656982399996,0],[112.657065634,-7.17657177699994,0],[112.657017724,-7.17657710199995,0],[112.656973157,-7.17657726299996,0],[112.656937188,-7.17658082899993,0],[112.656926909,-7.17658764599997,0],[112.656853578,-7.17697402399995,0],[112.656819235,-7.17732410299993,0],[112.656797813,-7.17751077099996,0],[112.656725358,-7.17785049999998,0],[112.656616283,-7.17801407099995,0],[112.656459395,-7.17820945699998,0],[112.656372645,-7.17839473699996,0],[112.656214694,-7.17872998099995,0],[112.65619661,-7.17876638899997,0],[112.656186063,-7.17880168499994,0],[112.656196822,-7.17882514999997,0],[112.656208734,-7.17885719999992,0],[112.656198878,-7.17887721699998,0],[112.656161034,-7.17894081699995,0],[112.656151923,-7.17900168999995,0],[112.656154513,-7.17901605599997,0],[112.656159285,-7.17905563599993,0],[112.656174338,-7.17908939299997,0],[112.656185436,-7.17916501799994,0],[112.656187108,-7.17925559699995,0],[112.656180436,-7.17928943199996,0],[112.656074702,-7.17957169399995,0],[112.655664008,-7.18066046199993,0],[112.655257351,-7.18111105299994,0],[112.655156959,-7.18138461499996,0],[112.655137813,-7.18139562399995,0],[112.655115949,-7.18139841599998,0],[112.655058331,-7.18138225999996,0],[112.654825189,-7.18156933299997,0],[112.654710683,-7.18165617099993,0],[112.654652424,-7.18171035299997,0],[112.654311382,-7.18203568099995,0],[112.654152091,-7.18222791099993,0],[112.653927008,-7.18249694999997,0],[112.653516243,-7.18220425799996,0],[112.653208486,-7.18209326499993,0],[112.652836734,-7.18189508399996,0],[112.652682273,-7.18181228799995,0],[112.652670392,-7.18178882599994,0],[112.652670341,-7.18177490399995,0],[112.652689411,-7.18163904799997,0],[112.652499008,-7.18154743099996,0],[112.652452409,-7.18144001899998,0],[112.65205614,-7.18133675899998,0],[112.651955736,-7.18127636899993,0],[112.651835044,-7.18122138699994,0],[112.65170623,-7.18117059099995,0],[112.651672282,-7.18111411999996,0],[112.651646107,-7.18106015399997,0],[112.651626576,-7.18104729499993,0],[112.651052607,-7.18095868699993,0],[112.650578806,-7.18063692399994,0],[112.65055819,-7.18061313299995,0],[112.650556411,-7.18059605299993,0],[112.650770218,-7.18007726899998,0],[112.650799766,-7.18001098599996,0],[112.650803701,-7.17998394199998,0],[112.650798277,-7.17997049299993,0],[112.650773806,-7.17995439699996,0],[112.650143497,-7.17966529199998,0],[112.650026294,-7.17960432999996,0],[112.650050664,-7.17953056199997,0],[112.650668383,-7.17804671099998,0],[112.650610433,-7.17804140499993,0],[112.650533202,-7.17803074399995,0],[112.650472562,-7.17802544699992,0],[112.650334334,-7.17795127099993,0],[112.650318952,-7.17792962999994,0],[112.650310166,-7.17789485599997,0],[112.650281562,-7.17782968499995,0],[112.650161174,-7.17769306699995,0],[112.650141439,-7.17766493099998,0],[112.650128052,-7.17757575099995,0],[112.650123505,-7.17751492399998,0],[112.650132008,-7.17747141199993,0],[112.650190075,-7.17736416399993,0],[112.650291116,-7.17716608599994,0],[112.650297859,-7.17713161899997,0],[112.650275377,-7.17710765199996,0],[112.650277013,-7.17708531599993,0],[112.650488276,-7.17664799599993,0],[112.650658116,-7.17635863499993,0],[112.650873842,-7.17579238399998,0],[112.650959901,-7.17547683499993,0],[112.651186126,-7.17540071399998,0],[112.651206434,-7.17529748999993,0],[112.651707847,-7.17528709999993,0],[112.651799781,-7.17529617099996,0],[112.651953236,-7.17487289099995,0],[112.652188306,-7.17433052499996,0],[112.652679617,-7.17452068499995,0],[112.652925618,-7.17460794199997,0],[112.653103864,-7.17464174499997,0],[112.653117442,-7.17432916999996,0],[112.653288204,-7.17394397599998,0],[112.653360302,-7.17352550899994,0],[112.653325349,-7.17329383899994,0],[112.653322122,-7.17324747399994,0],[112.653334458,-7.17323197099995,0],[112.653368466,-7.17322262799996,0],[112.653445922,-7.17321303699993,0],[112.653510922,-7.17320665599993,0],[112.653597591,-7.17318473599994,0],[112.653687298,-7.17315656999995,0],[112.653888711,-7.17315584399995,0],[112.65419805,-7.17267324099993,0],[112.654277325,-7.17244360099994,0],[112.654372486,-7.17231334599995,0],[112.654558706,-7.17201316799998,0],[112.654663566,-7.17175712799997,0],[112.654784291,-7.17140900199996,0],[112.654783268,-7.17131154799995,0],[112.654894199,-7.17102077199996,0],[112.654967416,-7.17080914499996,0],[112.655188998,-7.17039899699995,0],[112.655410024,-7.16991788699994,0],[112.655526661,-7.16965674199997,0],[112.655670351,-7.16944540299994,0],[112.656165329,-7.16966004599993,0],[112.65630933,-7.16972183899998,0],[112.656518639,-7.16981165899995,0],[112.656547271,-7.16982394699994,0],[112.656595469,-7.16984462699997,0],[112.656608858,-7.16985037399996,0]]]]}},{"type":"Feature","properties":{"fid":15203,"ori_name":"Sukorejo","kode_kec":"35.25.14","kode_kd":"35.25.14.2007","kode_kk":"35.25","kode_prov":"35","tipe_kd":2,"kecamatan":"Kebomas","kel_desa":"Sukorejo","kab_kota":"Gresik","provinsi":"Jawa Timur","jenis_kd":"Kelurahan","nama":"Kelurahan Sukorejo","label":"Kelurahan Sukorejo, Kecamatan Kebomas, Kabupaten Gresik, Provinsi Jawa Timur, 35.25.14.2007"},"geometry":{"type":"MultiPolygon","coordinates":[[[[112.636982957,-7.18990079099996,0],[112.63724,-7.18992999999995,0],[112.63784,-7.19001000099996,0],[112.63817,-7.19005000099997,0],[112.63802,-7.19052000099992,0],[112.63797,-7.19087000099995,0],[112.63793,-7.19118999999995,0],[112.63785,-7.19169000099993,0],[112.63771,-7.19274999999993,0],[112.637623359,-7.19339113799998,0],[112.637602712,-7.19356874199997,0],[112.636580361,-7.19414599099997,0],[112.635845306,-7.19454686399996,0],[112.635172939,-7.19484185599993,0],[112.634801094,-7.19497322499996,0],[112.63417076,-7.19507503599993,0],[112.633440162,-7.19514253899996,0],[112.632541131,-7.19507881699997,0],[112.632300951,-7.19505420999997,0],[112.632200678,-7.19504393599993,0],[112.632241764,-7.19504727199995,0],[112.632270737,-7.19504962099995,0],[112.632330983,-7.19505505199993,0],[112.632416637,-7.19505495999994,0],[112.632297361,-7.19434388099995,0],[112.63229,-7.19430000099993,0],[112.632133676,-7.19354306099996,0],[112.6321,-7.19337999999993,0],[112.631866382,-7.19236994499994,0],[112.63176,-7.19190999999995,0],[112.63176,-7.19112999999993,0],[112.63173,-7.19019999999995,0],[112.63189,-7.19013999999993,0],[112.63253,-7.18997000099995,0],[112.63275,-7.18992999999995,0],[112.63288,-7.18992999999995,0],[112.63314,-7.18986999999993,0],[112.63354,-7.18977999999993,0],[112.63444,-7.18977999999993,0],[112.63466,-7.18977999999993,0],[112.63483,-7.18977999999993,0],[112.63572,-7.18981999999994,0],[112.63592,-7.18982999999997,0],[112.6368,-7.18987999999996,0],[112.636982957,-7.18990079099996,0]]]]}},{"type":"Feature","properties":{"fid":15971,"ori_name":"Tenggulunan","kode_kec":"35.25.14","kode_kd":"35.25.14.1016","kode_kk":"35.25","kode_prov":"35","tipe_kd":2,"kecamatan":"Kebomas","kel_desa":"Tenggulunan","kab_kota":"Gresik","provinsi":"Jawa Timur","jenis_kd":"Kelurahan","nama":"Kelurahan Tenggulunan","label":"Kelurahan Tenggulunan, Kecamatan Kebomas, Kabupaten Gresik, Provinsi Jawa Timur, 35.25.14.1016"},"geometry":{"type":"MultiPolygon","coordinates":[[[[112.658157769,-7.18638467099993,0],[112.658136015,-7.18672665499997,0],[112.658147361,-7.18693192199993,0],[112.658146536,-7.18730113099997,0],[112.658163776,-7.18736136899997,0],[112.658172833,-7.18747081399994,0],[112.658128114,-7.18761517199994,0],[112.658144177,-7.18772115499996,0],[112.658172619,-7.18786497499997,0],[112.658205304,-7.18814935599994,0],[112.65822495,-7.18823489799996,0],[112.658305055,-7.18852299499997,0],[112.658350435,-7.18868438199996,0],[112.658365506,-7.18870222699996,0],[112.658384041,-7.18887248099998,0],[112.658392577,-7.18896176799996,0],[112.658421849,-7.18906662299997,0],[112.658442836,-7.18915134399998,0],[112.658424471,-7.18919263599997,0],[112.658403421,-7.18923420799996,0],[112.658454486,-7.18939909799997,0],[112.658538603,-7.18953774299996,0],[112.658585895,-7.18960880999998,0],[112.658691031,-7.18957317199994,0],[112.658993702,-7.18949505299997,0],[112.65916146,-7.18966123999996,0],[112.659702492,-7.18945542099993,0],[112.659777783,-7.18973313899994,0],[112.659802984,-7.18986801999995,0],[112.6597024,-7.18996439299997,0],[112.66112304,-7.19287847499993,0],[112.661142128,-7.19291762799998,0],[112.661210728,-7.19308796199994,0],[112.661139258,-7.19308301199993,0],[112.660983681,-7.19308306699998,0],[112.660216727,-7.19308333599997,0],[112.659797031,-7.19313455799994,0],[112.659041658,-7.19328539399993,0],[112.658235779,-7.19347253499996,0],[112.657491648,-7.19361001799996,0],[112.65707916,-7.19368622699994,0],[112.656211415,-7.19376883399997,0],[112.656119046,-7.19377540299996,0],[112.6560778,-7.19364309299993,0],[112.656076374,-7.19363867999994,0],[112.656073106,-7.19362640999998,0],[112.655707928,-7.19225493699997,0],[112.655502022,-7.19163560299995,0],[112.655454696,-7.19147259399995,0],[112.655394471,-7.19114880499995,0],[112.655358889,-7.19090990599994,0],[112.655353975,-7.19064567599997,0],[112.655358489,-7.19049034599993,0],[112.655343226,-7.19046029699996,0],[112.655321147,-7.19042475599997,0],[112.655251662,-7.19032719099994,0],[112.655228798,-7.19025974099998,0],[112.655195479,-7.19017144599997,0],[112.65518665,-7.19012474099998,0],[112.655200209,-7.19003455799998,0],[112.65522899,-7.18985943299998,0],[112.655247992,-7.18966427299995,0],[112.655249852,-7.18955912699994,0],[112.655260858,-7.18946470699996,0],[112.655159695,-7.18915462399997,0],[112.655217525,-7.18877571499996,0],[112.655300715,-7.18871999699996,0],[112.655312858,-7.18871299199998,0],[112.655321166,-7.18861586799994,0],[112.65535395,-7.18810306999995,0],[112.655408034,-7.18800912599994,0],[112.655402103,-7.18789677599995,0],[112.655383762,-7.18765609699994,0],[112.65544987,-7.18721279199997,0],[112.655477817,-7.18705484499998,0],[112.655517161,-7.18682806199996,0],[112.655563228,-7.18652015899994,0],[112.655557824,-7.18587297899995,0],[112.655818056,-7.18527004099997,0],[112.655990241,-7.18556675699995,0],[112.656374559,-7.18579110699994,0],[112.656827457,-7.18598691199998,0],[112.657208592,-7.18619789299993,0],[112.657487966,-7.18626305799995,0],[112.657565064,-7.18636023399995,0],[112.657772618,-7.18640441499997,0],[112.658010534,-7.18642190599996,0],[112.658157769,-7.18638467099993,0]]]]}}]}